endpoint,k,variant,negative_intent,terms_with_volume,total_volume,weighted_violation_rate,weighted_compliant_rate,weighted_unclear_rate
lexical,36,control,all negative intent,793,7012954,0.22804606437977365,0.7050147851679001,0.0669391504523263
lexical,36,control,grain,332,2692575,0.06069737167711525,0.922507542712992,0.016795085609892582
lexical,36,control,chicken,59,461986,0.8191462182735442,0.1528849209213655,0.02796886080509019
lexical,36,control,pull,53,820714,0.2588138769683741,0.7305935300988389,0.010592592932786948
lexical,36,control,rawhide,47,760133,0.11131884976188854,0.8130797706791713,0.07560137955894014
lexical,36,control,hide,36,388507,0.312849195390521,0.6750301183965585,0.012120686212920645
lexical,36,control,stuffing,24,369948,0.024424904160704825,0.9507812209043193,0.024793874934975847
lexical,36,control,dust,14,170435,0.14680057430899135,0.20001087183487234,0.6531885538561362
lexical,36,control,mess,14,59732,0.0726564767070693,0.3589905280623823,0.5683529952305483
lexical,36,control,gluten,10,66998,0.24496129237688682,0.7373225900607316,0.017716117562381617
lexical,36,control,odor,10,65047,0.06904281177883338,0.8787141946934097,0.05224299352775684
lexical,36,control,corn,9,26069,0.21645654054837374,0.5037741719624416,0.27976928748918467
lexical,36,control,waste,9,90813,0.062470559158808586,0.6018344167562892,0.3356950240849022
lexical,36,control,gmo,7,43028,0.0,0.8967119601706384,0.10328803982936177
lexical,36,control,non clumping,7,175160,0.9371246289107104,0.05737682690111893,0.005498544188170814
lexical,36,control,poultry,7,28243,0.9150143398364197,0.004955013434990765,0.08003064672858955
lexical,36,control,soy,6,23601,0.05004378345550325,0.5287581976281609,0.42119801891633596
lexical,36,control,spill,6,94240,0.27936032116581777,0.6792326919449161,0.04140698688926614
lexical,36,control,chew,5,51318,0.38428760302664194,0.6139256078458697,0.0017867891274882923
lexical,36,control,shock,5,26156,0.8369791932167677,0.10218602912439889,0.06083477765883328
lexical,36,control,sugar,5,22557,0.14088629792180793,0.17322412850408594,0.6858895735741061
lexical,36,control,tracking,5,39207,0.23273692622915973,0.3577705795166963,0.40949249425414397
lexical,36,control,melt,4,15479,0.040226543489028106,0.3093366640107385,0.6504367925002333
lexical,36,control,poo,4,15555,0.530835591067028,0.46916440893297207,0.0
lexical,36,control,poop,4,41032,0.4594016052511861,0.5387008242889019,0.0018975704599120415
lexical,36,control,scratch,4,13691,0.793194434299905,0.14407274852092616,0.0627328171791688
lexical,36,control,squeak,4,44033,0.946907243809567,0.053092756190432876,0.0
lexical,36,control,wheat,4,25483,0.019668886011153377,0.8103866630040942,0.16994445098475233
lexical,36,control,allergy,3,8756,0.07113217603167349,0.7206899395969748,0.2081778843713517
lexical,36,control,fragrance,3,13202,0.6110143244289585,0.1063348987527142,0.2826507768183272
lexical,36,control,"grain, chicken",3,14179,0.8838462201534352,0.0989432729153443,0.017210506931220615
lexical,36,control,non gmo,3,4415,0.7630363659242482,0.12863344658361642,0.10833018749213538
lexical,36,control,scent,3,8027,0.9440430214692082,0.0,0.055956978530791894
lexical,36,control,unscented,3,9558,0.9689265536723164,0.019774011299435023,0.011299435028248588
lexical,36,control,zip,3,3629,0.10381188573528058,0.7600777685925111,0.13611034567220845
lexical,36,control,clay,2,8250,0.3557979797979798,0.5636767676767677,0.08052525252525251
lexical,36,control,clumping,2,7730,0.2624119591778065,0.7375880408221934,0.0
lexical,36,control,ears,2,9348,0.8333333333333334,0.16666666666666663,0.0
lexical,36,control,fat,2,10582,0.2615185115185115,0.09541359541359541,0.643067893067893
lexical,36,control,free,2,8017,0.8164148768408196,0.18358512315918044,0.0
lexical,36,control,non prescription,2,2306,0.2741158330924159,0.6591861809771611,0.066697985930423
lexical,36,control,pee,2,3586,0.9400910949990704,0.0401639090289397,0.01974499597198978
lexical,36,control,prescription,2,27113,0.40290328132875985,0.33639459545851313,0.260702123212727
lexical,36,control,teeth,2,4663,1.0,0.0,0.0
lexical,36,control,tip,2,12866,0.053707445981657026,0.6499775463322798,0.2963150076860631
lexical,36,control,additives,1,1600,0.0,0.0,1.0
lexical,36,control,aller,1,974,1.0,0.0,0.0
lexical,36,control,bark,1,10077,0.9444444444444444,0.05555555555555549,0.0
lexical,36,control,bell,1,3873,1.0,0.0,0.0
lexical,36,control,bpa,1,1302,0.0,0.0,1.0
lexical,36,control,carpet,1,1496,0.5555555555555556,0.055555555555555504,0.3888888888888889
lexical,36,control,cat pee,1,1215,0.5555555555555556,0.4444444444444444,0.0
lexical,36,control,catnip,1,1519,1.0,0.0,0.0
lexical,36,control,choke,1,1536,0.0833333333333333,0.8611111111111112,0.0555555555555555
lexical,36,control,clump,1,3211,0.8888888888888888,0.1111111111111111,0.0
lexical,36,control,corn and soy,1,2593,0.0555555555555555,0.6111111111111112,0.3333333333333333
lexical,36,control,d3,1,1856,0.2777777777777778,0.1944444444444444,0.5277777777777778
lexical,36,control,dehp,1,5570,1.0,0.0,0.0
lexical,36,control,"dust, scent",1,1132,0.1944444444444444,0.25,0.5555555555555556
lexical,36,control,escape,1,1062,0.1111111111111111,0.8333333333333334,0.0555555555555555
lexical,36,control,fish,1,1456,1.0,0.0,0.0
lexical,36,control,gain,1,977,1.0,0.0,0.0
lexical,36,control,"grain, fat",1,1870,0.8888888888888888,0.0,0.1111111111111111
lexical,36,control,grow,1,2780,0.0277777777777777,0.41666666666666674,0.5555555555555556
lexical,36,control,hides,1,2331,0.5454545454545454,0.4545454545454544,0.0
lexical,36,control,holes,1,2104,0.9,0.1,0.0
lexical,36,control,iodine,1,3331,0.0,0.0,1.0
lexical,36,control,kibble,1,1761,0.9722222222222222,0.0,0.0277777777777777
lexical,36,control,legume,1,7084,0.8333333333333334,0.1666666666666666,0.0
lexical,36,control,lick,1,1801,1.0,0.0,0.0
lexical,36,control,medicated,1,5619,0.55,0.39999999999999997,0.049999999999999996
lexical,36,control,millet,1,1078,0.5277777777777778,0.1111111111111111,0.3611111111111111
lexical,36,control,no bark,1,7969,1.0,0.0,0.0
lexical,36,control,no melt,1,2781,1.0,0.0,0.0
lexical,36,control,non absorbent,1,1507,0.25,0.25,0.5
lexical,36,control,"non clumping unscented cat litter

the user is actually looking for cat litter",1,11479,0.8333333333333334,0.055555555555555504,0.1111111111111111
lexical,36,control,pea,1,5939,1.0,0.0,0.0
lexical,36,control,pill,1,2506,0.861111111111111,0.1388888888888889,0.0
lexical,36,control,poop eating,1,16984,0.2666666666666666,0.6666666666666666,0.0666666666666666
lexical,36,control,probiotic,1,982,0.9166666666666666,0.0277777777777777,0.0555555555555555
lexical,36,control,protein,1,5096,1.0,0.0,0.0
lexical,36,control,rice,1,1195,0.8055555555555556,0.0833333333333333,0.1111111111111111
lexical,36,control,salt,1,1015,0.0,0.0,1.0
lexical,36,control,scented,1,1755,0.9166666666666666,0.0277777777777777,0.0555555555555555
lexical,36,control,scoot,1,25922,0.8611111111111112,0.05555555555555549,0.08333333333333329
lexical,36,control,seafood,1,1668,0.3333333333333333,0.4444444444444444,0.2222222222222222
lexical,36,control,shell,1,1278,0.1111111111111111,0.25,0.6388888888888888
lexical,36,control,soy and corn,1,1287,0.0555555555555555,0.4722222222222222,0.4722222222222222
lexical,36,control,spray,1,2497,1.0,0.0,0.0
lexical,36,control,squeaker,1,1524,1.0,0.0,0.0
lexical,36,control,squeaky,1,17562,0.0,0.0,1.0
lexical,36,control,squirrel,1,5398,0.3333333333333333,0.5833333333333334,0.0833333333333333
lexical,36,control,stink,1,3161,0.2727272727272727,0.7272727272727273,0.0
lexical,36,control,stuff,1,1489,0.6,0.3333333333333333,0.0666666666666666
lexical,36,control,stuffed,1,6207,0.0,1.0,0.0
lexical,36,control,sunflower seeds,1,3792,0.8611111111111112,0.0277777777777777,0.1111111111111111
lexical,36,control,tear,1,7647,0.4444444444444444,0.3888888888888889,0.1666666666666666
lexical,36,control,toot,1,1991,1.0,0.0,0.0
lexical,36,control,toxic,1,1267,0.0,1.0,0.0
lexical,36,control,track,1,1419,0.3888888888888889,0.19444444444444436,0.4166666666666667
lexical,36,control,"unscented
dust",1,1250,0.25,0.6111111111111112,0.1388888888888889
lexical,36,control,waste free,1,2251,1.0,0.0,0.0
lexical,36,control,yeast,1,6961,0.0277777777777777,0.0,0.9722222222222222
lexical,10,control,all negative intent,793,7012954,0.22081315864988552,0.7359002090534944,0.04328663229662009
lexical,10,control,grain,332,2692575,0.06078241678431088,0.9319070677755951,0.007310515440094004
lexical,10,control,chicken,59,461986,0.8018591472468861,0.17790820501054141,0.020232647742572284
lexical,10,control,pull,53,820714,0.1587573746761966,0.8336945635142082,0.00754806180959506
lexical,10,control,rawhide,47,760133,0.08302744388153126,0.8717633624642003,0.0452091936542684
lexical,10,control,hide,36,388507,0.24323422743991746,0.7553537001907302,0.0014120723693524183
lexical,10,control,stuffing,24,369948,0.0016380680528074215,0.9983619319471926,0.0
lexical,10,control,dust,14,170435,0.19788365065860888,0.26798955613577025,0.5341267932056208
lexical,10,control,mess,14,59732,0.055367307305966645,0.6624070849795753,0.2822256077144579
lexical,10,control,gluten,10,66998,0.3240619122958894,0.6534807009164453,0.0224573867876653
lexical,10,control,odor,10,65047,0.052302181499531114,0.9338232355066337,0.013874582993835228
lexical,10,control,corn,9,26069,0.22893091411254746,0.6383252138555372,0.1327438720319153
lexical,10,control,waste,9,90813,0.09109929195159283,0.5699932829000254,0.3389074251483818
lexical,10,control,gmo,7,43028,0.0,1.0,0.0
lexical,10,control,non clumping,7,175160,0.9901832610184974,0.0077935887188855905,0.002023150262617036
lexical,10,control,poultry,7,28243,0.9869241936054952,0.013075806394504834,0.0
lexical,10,control,soy,6,23601,0.07815346807338672,0.9218465319266133,0.0
lexical,10,control,spill,6,94240,0.5086322156196944,0.42651952461799664,0.064848259762309
lexical,10,control,chew,5,51318,0.2971062784987724,0.7028937215012276,0.0
lexical,10,control,shock,5,26156,0.832130295152164,0.16786970484783606,0.0
lexical,10,control,sugar,5,22557,0.30996143104136187,0.20427805115928535,0.4857605177993527
lexical,10,control,tracking,5,39207,0.46132068253118064,0.29750299691381643,0.2411763205550029
lexical,10,control,melt,4,15479,0.0946055946766587,0.5915369209897281,0.3138574843336133
lexical,10,control,poo,4,15555,0.8149148183863709,0.18508518161362905,0.0
lexical,10,control,poop,4,41032,0.8049961006044064,0.1950038993955937,0.0
lexical,10,control,scratch,4,13691,0.793194434299905,0.14407274852092616,0.0627328171791688
lexical,10,control,squeak,4,44033,0.9088660777144414,0.09113392228555856,0.0
lexical,10,control,wheat,4,25483,0.02731625004905231,0.9180512498528431,0.05463250009810462
lexical,10,control,allergy,3,8756,0.20615577889447237,0.6439241662859754,0.1499200548195523
lexical,10,control,fragrance,3,13202,0.35502954097863965,0.31040751401302835,0.3345629450083321
lexical,10,control,"grain, chicken",3,14179,0.8575216870019041,0.14247831299809577,0.0
lexical,10,control,non gmo,3,4415,0.9324575311438279,0.022514156285390715,0.04502831257078143
lexical,10,control,scent,3,8027,1.0,0.0,0.0
lexical,10,control,unscented,3,9558,0.9694915254237287,0.02033898305084746,0.01016949152542373
lexical,10,control,zip,3,3629,0.25659961421879307,0.656930283824745,0.08647010195646183
lexical,10,control,clay,2,8250,0.4202181818181818,0.43483636363636363,0.14494545454545454
lexical,10,control,clumping,2,7730,0.18274256144890041,0.8172574385510997,0.0
lexical,10,control,ears,2,9348,0.7,0.29999999999999993,0.0
lexical,10,control,fat,2,10582,0.1735777735777736,0.2378000378000378,0.5886221886221886
lexical,10,control,free,2,8017,0.717880753399027,0.28211924660097293,0.0
lexical,10,control,non prescription,2,2306,0.25329575021682565,0.6065915004336513,0.14011274934952297
lexical,10,control,pee,2,3586,0.9710819854991635,0.028918014500836586,0.0
lexical,10,control,prescription,2,27113,0.8532069486961974,0.1467930513038026,0.0
lexical,10,control,teeth,2,4663,1.0,0.0,0.0
lexical,10,control,tip,2,12866,0.1933468055339655,0.6,0.2066531944660345
lexical,10,control,additives,1,1600,0.0,0.0,1.0
lexical,10,control,aller,1,974,1.0,0.0,0.0
lexical,10,control,bark,1,10077,0.8,0.2,0.0
lexical,10,control,bell,1,3873,1.0,0.0,0.0
lexical,10,control,bpa,1,1302,0.0,0.0,1.0
lexical,10,control,carpet,1,1496,1.0,0.0,0.0
lexical,10,control,cat pee,1,1215,0.5,0.5,0.0
lexical,10,control,catnip,1,1519,1.0,0.0,0.0
lexical,10,control,choke,1,1536,0.0,1.0,0.0
lexical,10,control,clump,1,3211,1.0,0.0,0.0
lexical,10,control,corn and soy,1,2593,0.1,0.9000000000000001,0.0
lexical,10,control,d3,1,1856,0.3,0.7,0.0
lexical,10,control,dehp,1,5570,1.0,0.0,0.0
lexical,10,control,"dust, scent",1,1132,0.2,0.3,0.5
lexical,10,control,escape,1,1062,0.4,0.6,0.0
lexical,10,control,fish,1,1456,1.0,0.0,0.0
lexical,10,control,gain,1,977,1.0,0.0,0.0
lexical,10,control,"grain, fat",1,1870,1.0,0.0,0.0
lexical,10,control,grow,1,2780,0.1,0.6,0.3
lexical,10,control,hides,1,2331,0.4,0.6,0.0
lexical,10,control,holes,1,2104,0.875,0.125,0.0
lexical,10,control,iodine,1,3331,0.0,0.0,1.0
lexical,10,control,kibble,1,1761,1.0,0.0,0.0
lexical,10,control,legume,1,7084,0.8333333333333334,0.1666666666666666,0.0
lexical,10,control,lick,1,1801,1.0,0.0,0.0
lexical,10,control,medicated,1,5619,0.5,0.5,0.0
lexical,10,control,millet,1,1078,1.0,0.0,0.0
lexical,10,control,no bark,1,7969,1.0,0.0,0.0
lexical,10,control,no melt,1,2781,1.0,0.0,0.0
lexical,10,control,non absorbent,1,1507,0.3,0.2,0.5
lexical,10,control,"non clumping unscented cat litter

the user is actually looking for cat litter",1,11479,1.0,0.0,0.0
lexical,10,control,pea,1,5939,1.0,0.0,0.0
lexical,10,control,pill,1,2506,1.0,0.0,0.0
lexical,10,control,poop eating,1,16984,0.4,0.5,0.1
lexical,10,control,probiotic,1,982,1.0,0.0,0.0
lexical,10,control,protein,1,5096,1.0,0.0,0.0
lexical,10,control,rice,1,1195,1.0,0.0,0.0
lexical,10,control,salt,1,1015,0.0,0.0,1.0
lexical,10,control,scented,1,1755,0.9,0.0,0.1
lexical,10,control,scoot,1,25922,1.0,0.0,0.0
lexical,10,control,seafood,1,1668,0.0,1.0,0.0
lexical,10,control,shell,1,1278,0.2,0.2,0.6
lexical,10,control,soy and corn,1,1287,0.10000000000000002,0.8999999999999999,0.0
lexical,10,control,spray,1,2497,1.0,0.0,0.0
lexical,10,control,squeaker,1,1524,1.0,0.0,0.0
lexical,10,control,squeaky,1,17562,0.0,0.0,1.0
lexical,10,control,squirrel,1,5398,0.7,0.3,0.0
lexical,10,control,stink,1,3161,0.3,0.7,0.0
lexical,10,control,stuff,1,1489,0.6,0.4,0.0
lexical,10,control,stuffed,1,6207,0.0,1.0,0.0
lexical,10,control,sunflower seeds,1,3792,0.7,0.1,0.2
lexical,10,control,tear,1,7647,0.5,0.3,0.2
lexical,10,control,toot,1,1991,1.0,0.0,0.0
lexical,10,control,toxic,1,1267,0.0,1.0,0.0
lexical,10,control,track,1,1419,0.8,0.2,0.0
lexical,10,control,"unscented
dust",1,1250,0.4,0.6,0.0
lexical,10,control,waste free,1,2251,1.0,0.0,0.0
lexical,10,control,yeast,1,6961,0.1,0.0,0.9000000000000001
lexical,4,control,all negative intent,793,7012954,0.19897285794260164,0.770600662716453,0.03042647934094534
lexical,4,control,grain,332,2692575,0.0333813357102402,0.9566461472753777,0.009972517014382143
lexical,4,control,chicken,59,461986,0.7541684163589373,0.23779724926729381,0.008034334373768902
lexical,4,control,pull,53,820714,0.22091617786463982,0.773576422480913,0.005507399654447225
lexical,4,control,rawhide,47,760133,0.02657857243403457,0.9672623080434608,0.0061591195225046145
lexical,4,control,hide,36,388507,0.14764341440437367,0.8512008792634367,0.0011557063321896387
lexical,4,control,stuffing,24,369948,0.0,1.0,0.0
lexical,4,control,dust,14,170435,0.17694575644673924,0.5059949540880687,0.317059289465192
lexical,4,control,mess,14,59732,0.036776769570749344,0.8254704346079154,0.1377527958213353
lexical,4,control,gluten,10,66998,0.4008030090450461,0.5991969909549539,0.0
lexical,4,control,odor,10,65047,0.057623718234507355,0.9076898242809046,0.03468645748458807
lexical,4,control,corn,9,26069,0.3374314319690053,0.6032740036058153,0.05929456442517933
lexical,4,control,waste,9,90813,0.04668935064363032,0.6545979099908603,0.29871273936550935
lexical,4,control,gmo,7,43028,0.0,1.0,0.0
lexical,4,control,non clumping,7,175160,0.9916433546471797,0.00835664535282028,0.0
lexical,4,control,poultry,7,28243,0.9673104840137379,0.03268951598626208,0.0
lexical,4,control,soy,6,23601,0.0,1.0,0.0
lexical,4,control,spill,6,94240,0.26737850169779287,0.5705008488964346,0.1621206494057725
lexical,4,control,chew,5,51318,0.21234264780388948,0.7876573521961105,0.0
lexical,4,control,shock,5,26156,0.6799013610643829,0.3200986389356171,0.0
lexical,4,control,sugar,5,22557,0.2603293877731968,0.2513853792614266,0.4882852329653766
lexical,4,control,tracking,5,39207,0.5896969928839237,0.29354452011120463,0.11675848700487158
lexical,4,control,melt,4,15479,0.17738549001873505,0.6802926545642484,0.1423218554170166
lexical,4,control,poo,4,15555,0.7954998392799743,0.20450016072002572,0.0
lexical,4,control,poop,4,41032,0.7397640865665822,0.26023591343341784,0.0
lexical,4,control,scratch,4,13691,0.9813928858374115,0.01860711416258856,0.0
lexical,4,control,squeak,4,44033,1.0,0.0,0.0
lexical,4,control,wheat,4,25483,0.06829062512263077,0.9317093748773693,0.0
lexical,4,control,allergy,3,8756,0.3901895842850617,0.5549052078574692,0.05490520785746916
lexical,4,control,fragrance,3,13202,0.1809953037418573,0.6380093925162854,0.1809953037418573
lexical,4,control,"grain, chicken",3,14179,0.6670075463713944,0.3329924536286057,0.0
lexical,4,control,non gmo,3,4415,1.0,0.0,0.0
lexical,4,control,scent,3,8027,1.0,0.0,0.0
lexical,4,control,unscented,3,9558,0.9491525423728814,0.05084745762711865,0.0
lexical,4,control,zip,3,3629,0.21617525489115458,0.7838247451088454,0.0
lexical,4,control,clay,2,8250,0.6376363636363637,0.1811818181818182,0.1811818181818182
lexical,4,control,clumping,2,7730,0.456856403622251,0.543143596377749,0.0
lexical,4,control,ears,2,9348,0.5,0.5,0.0
lexical,4,control,fat,2,10582,0.18394443394443394,0.26422226422226425,0.5518333018333018
lexical,4,control,free,2,8017,0.524884620182113,0.475115379817887,0.0
lexical,4,control,non prescription,2,2306,0.1332393755420642,0.6332393755420642,0.23352124891587164
lexical,4,control,pee,2,3586,1.0,0.0,0.0
lexical,4,control,prescription,2,27113,0.8532069486961974,0.1467930513038026,0.0
lexical,4,control,teeth,2,4663,1.0,0.0,0.0
lexical,4,control,tip,2,12866,0.25,0.5,0.25
lexical,4,control,additives,1,1600,0.0,0.0,1.0
lexical,4,control,aller,1,974,1.0,0.0,0.0
lexical,4,control,bark,1,10077,0.75,0.25,0.0
lexical,4,control,bell,1,3873,1.0,0.0,0.0
lexical,4,control,bpa,1,1302,0.0,0.0,1.0
lexical,4,control,carpet,1,1496,1.0,0.0,0.0
lexical,4,control,cat pee,1,1215,0.5,0.5,0.0
lexical,4,control,catnip,1,1519,1.0,0.0,0.0
lexical,4,control,choke,1,1536,0.0,1.0,0.0
lexical,4,control,clump,1,3211,1.0,0.0,0.0
lexical,4,control,corn and soy,1,2593,0.0,1.0,0.0
lexical,4,control,d3,1,1856,0.0,1.0,0.0
lexical,4,control,dehp,1,5570,1.0,0.0,0.0
lexical,4,control,"dust, scent",1,1132,0.25,0.25,0.5
lexical,4,control,escape,1,1062,1.0,0.0,0.0
lexical,4,control,fish,1,1456,1.0,0.0,0.0
lexical,4,control,gain,1,977,1.0,0.0,0.0
lexical,4,control,"grain, fat",1,1870,1.0,0.0,0.0
lexical,4,control,grow,1,2780,0.0,1.0,0.0
lexical,4,control,hides,1,2331,0.25,0.75,0.0
lexical,4,control,holes,1,2104,1.0,0.0,0.0
lexical,4,control,iodine,1,3331,0.0,0.0,1.0
lexical,4,control,kibble,1,1761,1.0,0.0,0.0
lexical,4,control,legume,1,7084,0.75,0.25,0.0
lexical,4,control,lick,1,1801,1.0,0.0,0.0
lexical,4,control,medicated,1,5619,0.25,0.75,0.0
lexical,4,control,millet,1,1078,1.0,0.0,0.0
lexical,4,control,no bark,1,7969,1.0,0.0,0.0
lexical,4,control,no melt,1,2781,1.0,0.0,0.0
lexical,4,control,non absorbent,1,1507,0.5,0.0,0.5
lexical,4,control,"non clumping unscented cat litter

the user is actually looking for cat litter",1,11479,1.0,0.0,0.0
lexical,4,control,pea,1,5939,1.0,0.0,0.0
lexical,4,control,pill,1,2506,1.0,0.0,0.0
lexical,4,control,poop eating,1,16984,0.25,0.75,0.0
lexical,4,control,probiotic,1,982,1.0,0.0,0.0
lexical,4,control,protein,1,5096,1.0,0.0,0.0
lexical,4,control,rice,1,1195,1.0,0.0,0.0
lexical,4,control,salt,1,1015,0.0,0.0,1.0
lexical,4,control,scented,1,1755,1.0,0.0,0.0
lexical,4,control,scoot,1,25922,1.0,0.0,0.0
lexical,4,control,seafood,1,1668,0.0,1.0,0.0
lexical,4,control,shell,1,1278,0.5,0.0,0.5
lexical,4,control,soy and corn,1,1287,0.0,1.0,0.0
lexical,4,control,spray,1,2497,1.0,0.0,0.0
lexical,4,control,squeaker,1,1524,1.0,0.0,0.0
lexical,4,control,squeaky,1,17562,0.0,0.0,1.0
lexical,4,control,squirrel,1,5398,0.75,0.25,0.0
lexical,4,control,stink,1,3161,0.25,0.75,0.0
lexical,4,control,stuff,1,1489,0.0,1.0,0.0
lexical,4,control,stuffed,1,6207,0.0,1.0,0.0
lexical,4,control,sunflower seeds,1,3792,0.5,0.25,0.25
lexical,4,control,tear,1,7647,1.0,0.0,0.0
lexical,4,control,toot,1,1991,1.0,0.0,0.0
lexical,4,control,toxic,1,1267,0.0,1.0,0.0
lexical,4,control,track,1,1419,1.0,0.0,0.0
lexical,4,control,"unscented
dust",1,1250,0.0,1.0,0.0
lexical,4,control,waste free,1,2251,1.0,0.0,0.0
lexical,4,control,yeast,1,6961,0.25,0.0,0.75
l2,36,control,all negative intent,795,7015957,0.19870460510860677,0.72718387805008,0.07411151684131319
l2,36,control,grain,332,2692575,0.09257494117052345,0.8855923027007399,0.021832756128736728
l2,36,control,chicken,59,461986,0.6004366654689391,0.24643243157440556,0.1531309029566552
l2,36,control,pull,53,820714,0.24293584119234976,0.7490400313399501,0.008024127467700102
l2,36,control,rawhide,47,760133,0.16545130917878842,0.8045536475561219,0.0299950432650894
l2,36,control,hide,36,388507,0.10803587694544609,0.8888326908452671,0.0031314322092866583
l2,36,control,stuffing,24,369948,0.01970554720603372,0.9513246906772482,0.028969762116717864
l2,36,control,dust,14,170435,0.041210399533220525,0.20350883197569616,0.7552807684910834
l2,36,control,mess,14,59732,0.028632521559260965,0.5705377538189096,0.4008297246218293
l2,36,control,gluten,10,66998,0.11237400121396653,0.7228482773946818,0.16477772139135163
l2,36,control,odor,10,65047,0.10274621940033099,0.8361787118032602,0.06107506879640873
l2,36,control,corn,9,26069,0.16039271846936118,0.5553637568674586,0.28424352466318015
l2,36,control,waste,9,90813,0.0754694934768272,0.6490688435454053,0.27546166297776753
l2,36,control,gmo,7,43028,0.001992888351770939,0.9041405854585645,0.09386652618966454
l2,36,control,non clumping,7,175160,0.7322511481566061,0.2606347212707112,0.007114130572682738
l2,36,control,poultry,7,28243,0.5445764338852891,0.2420314571555587,0.21339210895915212
l2,36,control,soy,6,23601,0.04778634615294074,0.5295550094393363,0.4226586444077229
l2,36,control,spill,6,94240,0.2432898863421996,0.6865284851914732,0.07018162846632706
l2,36,control,chew,5,51318,0.2557371032905933,0.7391942831408517,0.005068613568555097
l2,36,control,shock,5,26156,0.5855008835873647,0.13087819238415657,0.28362092402847866
l2,36,control,sugar,5,22557,0.1933275208976765,0.13508494529906948,0.671587533803254
l2,36,control,tracking,5,39207,0.22946866064166546,0.38786441196725074,0.3826669273910838
l2,36,control,"grain, chicken",4,15603,0.6768659160987559,0.31587408404366685,0.007259999857577226
l2,36,control,melt,4,15479,0.040226543489028106,0.25405567399559265,0.7057177825153792
l2,36,control,poo,4,15555,0.5018875674131219,0.4981124325868781,0.0
l2,36,control,poop,4,41032,0.4989953640519052,0.5010046359480947,0.0
l2,36,control,scratch,4,13691,0.6667376784424479,0.316353403290077,0.016908918267474937
l2,36,control,squeak,4,44033,0.7020776084603214,0.1682601685099811,0.12966222302969743
l2,36,control,wheat,4,25483,0.0460710190235756,0.8717347512720898,0.08219422970433445
l2,36,control,allergy,3,8756,0.25430181209075686,0.670264199786813,0.07543398812243032
l2,36,control,fragrance,3,13202,0.21835496305273608,0.5966562305374606,0.1849888064098032
l2,36,control,non gmo,3,4415,0.8082924373977602,0.06656599974833269,0.1251415628539071
l2,36,control,scent,3,8027,0.7787190454438492,0.132594161372036,0.0886867931841147
l2,36,control,unscented,3,9558,0.5867074701820465,0.41329252981795356,0.0
l2,36,control,zip,3,3629,0.04725819785064753,0.39674994641927686,0.5559918557300756
l2,36,control,catnip,2,3098,1.0,0.0,0.0
l2,36,control,clay,2,8250,0.26045454545454544,0.7242525252525253,0.015292929292929277
l2,36,control,clumping,2,7730,0.0881270662641943,0.9118729337358056,0.0
l2,36,control,ears,2,9348,0.6984649122807017,0.1944444444444444,0.10709064327485379
l2,36,control,fat,2,10582,0.30815430815430817,0.18766668766668765,0.5041790041790042
l2,36,control,free,2,8017,0.16104755888360886,0.8389524411163912,0.0
l2,36,control,non prescription,2,2306,0.28143972246313964,0.6222535414859787,0.09630673605088173
l2,36,control,pee,2,3586,0.8801821899981408,0.11981781000185904,0.0
l2,36,control,prescription,2,27113,0.38812357335759395,0.34301913391280114,0.2688572927296049
l2,36,control,teeth,2,4663,0.7111957013844211,0.26102652083780115,0.027777777777777703
l2,36,control,tip,2,12866,0.0,0.8796202739347463,0.12037972606525377
l2,36,control,additives,1,1600,0.1944444444444444,0.0,0.8055555555555556
l2,36,control,aller,1,974,0.3055555555555556,0.6111111111111112,0.0833333333333333
l2,36,control,bark,1,10077,0.8888888888888887,0.11111111111111109,0.0
l2,36,control,bell,1,3873,0.9722222222222222,0.0,0.0277777777777777
l2,36,control,bpa,1,1302,0.0,0.0,1.0
l2,36,control,carpet,1,1496,0.6111111111111112,0.027777777777777696,0.3611111111111111
l2,36,control,cat pee,1,1215,0.3333333333333333,0.6666666666666666,0.0
l2,36,control,choke,1,1536,0.0555555555555555,0.9444444444444443,0.0
l2,36,control,clump,1,3211,0.7777777777777778,0.2222222222222222,0.0
l2,36,control,corn and soy,1,2593,0.1388888888888889,0.5,0.3611111111111111
l2,36,control,d3,1,1856,0.3333333333333333,0.2222222222222222,0.4444444444444444
l2,36,control,dehp,1,5570,0.027777777777777703,0.3611111111111111,0.6111111111111112
l2,36,control,"dust, scent",1,1132,0.1944444444444444,0.3055555555555556,0.5
l2,36,control,escape,1,1062,0.1111111111111111,0.8333333333333334,0.0555555555555555
l2,36,control,fish,1,1456,0.8611111111111112,0.0555555555555555,0.0833333333333333
l2,36,control,gain,1,977,0.0833333333333333,0.9166666666666666,0.0
l2,36,control,"grain, fat",1,1870,1.0,0.0,0.0
l2,36,control,grow,1,2780,0.0277777777777777,0.3055555555555556,0.6666666666666666
l2,36,control,hides,1,2331,0.1111111111111111,0.8611111111111112,0.0277777777777777
l2,36,control,holes,1,2104,0.1875,0.78125,0.03125
l2,36,control,iodine,1,3331,0.0,0.0277777777777777,0.9722222222222222
l2,36,control,kibble,1,1761,1.0,0.0,0.0
l2,36,control,legume,1,7084,0.4722222222222222,0.0277777777777777,0.5
l2,36,control,lick,1,1801,0.9444444444444444,0.05555555555555549,0.0
l2,36,control,medicated,1,5619,0.2777777777777778,0.5277777777777778,0.1944444444444444
l2,36,control,millet,1,1078,0.3888888888888889,0.0277777777777777,0.5833333333333334
l2,36,control,no bark,1,7969,1.0,0.0,0.0
l2,36,control,no melt,1,2781,0.5,0.2222222222222222,0.2777777777777778
l2,36,control,non absorbent,1,1507,0.5,0.4444444444444444,0.0555555555555555
l2,36,control,"non clumping unscented cat litter

the user is actually looking for cat litter",1,11479,0.7777777777777778,0.19444444444444442,0.0277777777777777
l2,36,control,pea,1,5939,0.38888888888888895,0.0555555555555555,0.5555555555555556
l2,36,control,pill,1,2506,1.0,0.0,0.0
l2,36,control,poop eating,1,16984,0.3611111111111111,0.5833333333333334,0.0555555555555555
l2,36,control,probiotic,1,982,0.0,0.0,1.0
l2,36,control,protein,1,5096,0.9444444444444444,0.027777777777777696,0.027777777777777696
l2,36,control,rice,1,1195,0.1388888888888889,0.4444444444444444,0.4166666666666667
l2,36,control,salt,1,1015,0.0,0.0,1.0
l2,36,control,scented,1,1755,0.4444444444444444,0.5,0.0555555555555555
l2,36,control,scoot,1,25922,0.5555555555555556,0.4166666666666667,0.0277777777777777
l2,36,control,seafood,1,1668,0.5,0.38888888888888884,0.1111111111111111
l2,36,control,shell,1,1278,0.1111111111111111,0.3888888888888889,0.5
l2,36,control,soy and corn,1,1287,0.25,0.4444444444444444,0.3055555555555556
l2,36,control,spray,1,2497,1.0,0.0,0.0
l2,36,control,squeaker,1,1524,0.9444444444444444,0.0277777777777777,0.0277777777777777
l2,36,control,squeaky,1,17562,0.8611111111111112,0.0,0.1388888888888889
l2,36,control,squirrel,1,5398,0.3333333333333333,0.5833333333333334,0.0833333333333333
l2,36,control,stink,1,3161,0.0555555555555555,0.9444444444444444,0.0
l2,36,control,stuff,1,1489,0.7222222222222222,0.1944444444444444,0.0833333333333333
l2,36,control,stuffed,1,6207,0.2222222222222222,0.75,0.0277777777777777
l2,36,control,sunflower seeds,1,3792,0.4444444444444444,0.0277777777777777,0.5277777777777778
l2,36,control,tear,1,7647,0.3055555555555556,0.6666666666666666,0.0277777777777777
l2,36,control,toot,1,1991,0.2580645161290322,0.6774193548387096,0.064516129032258
l2,36,control,toxic,1,1267,0.0,1.0,0.0
l2,36,control,track,1,1419,0.3055555555555556,0.19444444444444436,0.5
l2,36,control,"unscented
dust",1,1250,0.25,0.5277777777777778,0.2222222222222222
l2,36,control,waste free,1,2251,0.2777777777777778,0.7222222222222222,0.0
l2,36,control,yeast,1,6961,0.1666666666666666,0.0,0.8333333333333334
l2,10,control,all negative intent,795,7015957,0.19448314036132205,0.7506972534181724,0.05481960622050563
l2,10,control,grain,332,2692575,0.07100281329210886,0.9107986964151416,0.018198490292749506
l2,10,control,chicken,59,461986,0.7132257254548839,0.1753371314282251,0.11143714311689099
l2,10,control,pull,53,820714,0.16250935161335128,0.8299823080878356,0.007508340298812984
l2,10,control,rawhide,47,760133,0.16650638769794235,0.8078390229078334,0.025654589394224433
l2,10,control,hide,36,388507,0.06397001855822418,0.9357375800178633,0.0002924014239125679
l2,10,control,stuffing,24,369948,0.004272222042016716,0.9957277779579833,0.0
l2,10,control,dust,14,170435,0.02970751312817203,0.2528682488925397,0.7174242379792882
l2,10,control,mess,14,59732,0.02224770642201835,0.6784688274291837,0.29928346614879797
l2,10,control,gluten,10,66998,0.21272426042568437,0.6811068987133945,0.10616884086092122
l2,10,control,odor,10,65047,0.03865205159346319,0.9334219871785018,0.027925961228035114
l2,10,control,corn,9,26069,0.20330277340902986,0.7149794775403736,0.0817177490505965
l2,10,control,waste,9,90813,0.06933368570579101,0.8372303524825742,0.09343596181163491
l2,10,control,gmo,7,43028,0.0,1.0,0.0
l2,10,control,non clumping,7,175160,0.7479287508563599,0.2504527289335465,0.0016185202100936287
l2,10,control,poultry,7,28243,0.7301455227844068,0.08300817901780973,0.18684629819778353
l2,10,control,soy,6,23601,0.004978602601584678,0.9670310580060167,0.027990339392398627
l2,10,control,spill,6,94240,0.40550191001697794,0.5349257215619695,0.05957236842105264
l2,10,control,chew,5,51318,0.14565064889512452,0.8524104602673526,0.0019388908375228965
l2,10,control,shock,5,26156,0.40611714329408166,0.24793164092368866,0.3459512157822297
l2,10,control,sugar,5,22557,0.32977789599680807,0.20047878707274902,0.46974331693044286
l2,10,control,tracking,5,39207,0.32965031754533625,0.4206162164919529,0.24973346596271073
l2,10,control,"grain, chicken",4,15603,0.6932512978273409,0.3067487021726591,0.0
l2,10,control,melt,4,15479,0.0946055946766587,0.6484656631565346,0.25692874216680667
l2,10,control,poo,4,15555,0.7010028929604628,0.2989971070395371,0.0
l2,10,control,poop,4,41032,0.7916260479625657,0.2083739520374342,0.0
l2,10,control,scratch,4,13691,0.723760134394858,0.2153677598422321,0.06087210576290994
l2,10,control,squeak,4,44033,0.7093702450434901,0.2906297549565099,0.0
l2,10,control,wheat,4,25483,0.0,0.8961189812816388,0.10388101871836126
l2,10,control,allergy,3,8756,0.36556646870717224,0.5845134764732755,0.049920054819552306
l2,10,control,fragrance,3,13202,0.24479624299348585,0.6102332979851537,0.1449704590213604
l2,10,control,non gmo,3,4415,0.9774858437146093,0.022514156285390715,0.0
l2,10,control,scent,3,8027,0.8083592874050081,0.07903326273825839,0.11260744985673353
l2,10,control,unscented,3,9558,0.44039548022598873,0.5596045197740113,0.0
l2,10,control,zip,3,3629,0.09947643979057591,0.7841829705152934,0.11634058969413062
l2,10,control,catnip,2,3098,1.0,0.0,0.0
l2,10,control,clay,2,8250,0.37247272727272723,0.6275272727272728,0.0
l2,10,control,clumping,2,7730,0.1,0.9000000000000001,0.0
l2,10,control,ears,2,9348,0.7236842105263158,0.27631578947368424,0.0
l2,10,control,fat,2,10582,0.3678888678888679,0.2113778113778114,0.4207333207333207
l2,10,control,free,2,8017,0.3776038418360983,0.6223961581639017,0.0
l2,10,control,non prescription,2,2306,0.259887250650477,0.5467042497831742,0.19340849956634865
l2,10,control,pee,2,3586,0.9421639709983268,0.05783602900167317,0.0
l2,10,control,prescription,2,27113,0.3293586102607605,0.3293586102607605,0.34128277947847896
l2,10,control,teeth,2,4663,0.8000000000000002,0.130152262491958,0.06984773750804205
l2,10,control,tip,2,12866,0.0,0.9000000000000001,0.09999999999999999
l2,10,control,additives,1,1600,0.5,0.0,0.5
l2,10,control,aller,1,974,0.5,0.5,0.0
l2,10,control,bark,1,10077,0.8,0.2,0.0
l2,10,control,bell,1,3873,1.0,0.0,0.0
l2,10,control,bpa,1,1302,0.0,0.0,1.0
l2,10,control,carpet,1,1496,1.0,0.0,0.0
l2,10,control,cat pee,1,1215,0.4,0.6,0.0
l2,10,control,choke,1,1536,0.0,1.0,0.0
l2,10,control,clump,1,3211,0.7,0.3,0.0
l2,10,control,corn and soy,1,2593,0.3,0.7,0.0
l2,10,control,d3,1,1856,0.5,0.5,0.0
l2,10,control,dehp,1,5570,0.1,0.1,0.8
l2,10,control,"dust, scent",1,1132,0.4,0.3,0.3
l2,10,control,escape,1,1062,0.4,0.6,0.0
l2,10,control,fish,1,1456,1.0,0.0,0.0
l2,10,control,gain,1,977,0.1,0.9,0.0
l2,10,control,"grain, fat",1,1870,1.0,0.0,0.0
l2,10,control,grow,1,2780,0.0,0.5,0.5
l2,10,control,hides,1,2331,0.1,0.9,0.0
l2,10,control,holes,1,2104,0.3,0.7,0.0
l2,10,control,iodine,1,3331,0.0,0.1,0.9
l2,10,control,kibble,1,1761,1.0,0.0,0.0
l2,10,control,legume,1,7084,0.6,0.10000000000000002,0.3
l2,10,control,lick,1,1801,1.0,0.0,0.0
l2,10,control,medicated,1,5619,0.5,0.5,0.0
l2,10,control,millet,1,1078,0.7,0.0,0.3
l2,10,control,no bark,1,7969,1.0,0.0,0.0
l2,10,control,no melt,1,2781,1.0,0.0,0.0
l2,10,control,non absorbent,1,1507,0.5,0.5,0.0
l2,10,control,"non clumping unscented cat litter

the user is actually looking for cat litter",1,11479,0.9,0.1,0.0
l2,10,control,pea,1,5939,0.9,0.0,0.09999999999999999
l2,10,control,pill,1,2506,1.0,0.0,0.0
l2,10,control,poop eating,1,16984,0.5,0.5,0.0
l2,10,control,probiotic,1,982,0.0,0.0,1.0
l2,10,control,protein,1,5096,1.0,0.0,0.0
l2,10,control,rice,1,1195,0.2,0.5,0.3
l2,10,control,salt,1,1015,0.0,0.0,1.0
l2,10,control,scented,1,1755,0.7,0.2,0.1
l2,10,control,scoot,1,25922,0.9,0.0,0.1
l2,10,control,seafood,1,1668,0.0,1.0,0.0
l2,10,control,shell,1,1278,0.1,0.3,0.6
l2,10,control,soy and corn,1,1287,0.3,0.7,0.0
l2,10,control,spray,1,2497,1.0,0.0,0.0
l2,10,control,squeaker,1,1524,1.0,0.0,0.0
l2,10,control,squeaky,1,17562,0.8,0.0,0.2
l2,10,control,squirrel,1,5398,0.5,0.5,0.0
l2,10,control,stink,1,3161,0.2,0.8,0.0
l2,10,control,stuff,1,1489,0.6,0.4,0.0
l2,10,control,stuffed,1,6207,0.1,0.9,0.0
l2,10,control,sunflower seeds,1,3792,0.5,0.1,0.4
l2,10,control,tear,1,7647,0.5,0.5,0.0
l2,10,control,toot,1,1991,0.7,0.3,0.0
l2,10,control,toxic,1,1267,0.0,1.0,0.0
l2,10,control,track,1,1419,0.5,0.4,0.1
l2,10,control,"unscented
dust",1,1250,0.2,0.7,0.1
l2,10,control,waste free,1,2251,0.2,0.8,0.0
l2,10,control,yeast,1,6961,0.29999999999999993,0.0,0.7
l2,4,control,all negative intent,795,7015957,0.18932064435400617,0.7558707956733486,0.054808559972645214
l2,4,control,grain,332,2692575,0.06961310269908916,0.9219595554441381,0.008427341856772791
l2,4,control,chicken,59,461986,0.7676980471269692,0.13506902806578555,0.09723292480724524
l2,4,control,pull,53,820714,0.15546981043335437,0.8355827974178581,0.008947392148787519
l2,4,control,rawhide,47,760133,0.08980698114672038,0.850667909431639,0.05952510942164069
l2,4,control,hide,36,388507,0.05822739358621595,0.9410416028540026,0.0007310035597814196
l2,4,control,stuffing,24,369948,0.0013650567106728514,0.9986349432893271,0.0
l2,4,control,dust,14,170435,0.015363628362718925,0.04445096371050547,0.9401854079267756
l2,4,control,mess,14,59732,0.03225657938793277,0.8734514163262573,0.09429200428580996
l2,4,control,gluten,10,66998,0.01436983193528165,0.848357413654139,0.13727275441057943
l2,4,control,odor,10,65047,0.07511491690623703,0.9248850830937629,0.0
l2,4,control,corn,9,26069,0.278136867543826,0.6412789136522307,0.08058421880394338
l2,4,control,waste,9,90813,0.03927576448305859,0.9607242355169414,0.0
l2,4,control,gmo,7,43028,0.0,1.0,0.0
l2,4,control,non clumping,7,175160,0.7127026718428865,0.2872973281571135,0.0
l2,4,control,poultry,7,28243,0.8000566512056084,0.0,0.19994334879439152
l2,4,control,soy,6,23601,0.0,1.0,0.0
l2,4,control,spill,6,94240,0.49074968166383703,0.3603193972835314,0.1489309210526316
l2,4,control,chew,5,51318,0.14317588370552242,0.8568241162944775,0.0
l2,4,control,shock,5,26156,0.4073157210582658,0.3426842789417342,0.25
l2,4,control,sugar,5,22557,0.2642527818415569,0.1268009930398546,0.6089462251185884
l2,4,control,tracking,5,39207,0.4346417731527533,0.29354452011120463,0.27181370673604205
l2,4,control,"grain, chicken",4,15603,0.6393802473883228,0.3606197526116772,0.0
l2,4,control,melt,4,15479,0.05912849667291169,0.9408715033270884,0.0
l2,4,control,poo,4,15555,0.7649630343940855,0.2350369656059145,0.0
l2,4,control,poop,4,41032,0.9505568824332229,0.04944311756677715,0.0
l2,4,control,scratch,4,13691,0.9813928858374115,0.01860711416258856,0.0
l2,4,control,squeak,4,44033,0.7665444098744124,0.23345559012558761,0.0
l2,4,control,wheat,4,25483,0.0,0.881568104226347,0.11843189577365303
l2,4,control,allergy,3,8756,0.414315897670169,0.4608839652809502,0.12480013704888077
l2,4,control,fragrance,3,13202,0.15541205877897288,0.8445879412210271,0.0
l2,4,control,non gmo,3,4415,1.0,0.0,0.0
l2,4,control,scent,3,8027,0.802416843154354,0.09879157842282298,0.09879157842282298
l2,4,control,unscented,3,9558,0.5508474576271186,0.4491525423728814,0.0
l2,4,control,zip,3,3629,0.07205841829705154,0.9279415817029485,0.0
l2,4,control,catnip,2,3098,1.0,0.0,0.0
l2,4,control,clay,2,8250,0.6811818181818182,0.31881818181818183,0.0
l2,4,control,clumping,2,7730,0.20685640362225097,0.793143596377749,0.0
l2,4,control,ears,2,9348,0.6546052631578947,0.34539473684210525,0.0
l2,4,control,fat,2,10582,0.5518333018333018,0.19816669816669816,0.25
l2,4,control,free,2,8017,0.5,0.5,0.0
l2,4,control,non prescription,2,2306,0.38323937554206416,0.4835212489158716,0.1332393755420642
l2,4,control,pee,2,3586,0.9277049637479086,0.07229503625209147,0.0
l2,4,control,prescription,2,27113,0.25,0.5366982628259507,0.21330173717404935
l2,4,control,teeth,2,4663,0.9246193437701051,0.07538065622989491,0.0
l2,4,control,tip,2,12866,0.0,0.8833164930825431,0.11668350691745687
l2,4,control,additives,1,1600,0.75,0.0,0.25
l2,4,control,aller,1,974,0.75,0.25,0.0
l2,4,control,bark,1,10077,0.5,0.5,0.0
l2,4,control,bell,1,3873,1.0,0.0,0.0
l2,4,control,bpa,1,1302,0.0,0.0,1.0
l2,4,control,carpet,1,1496,1.0,0.0,0.0
l2,4,control,cat pee,1,1215,0.0,1.0,0.0
l2,4,control,choke,1,1536,0.0,1.0,0.0
l2,4,control,clump,1,3211,0.25,0.75,0.0
l2,4,control,corn and soy,1,2593,0.25,0.75,0.0
l2,4,control,d3,1,1856,0.5,0.5,0.0
l2,4,control,dehp,1,5570,0.25,0.25,0.5
l2,4,control,"dust, scent",1,1132,0.5,0.0,0.5
l2,4,control,escape,1,1062,1.0,0.0,0.0
l2,4,control,fish,1,1456,1.0,0.0,0.0
l2,4,control,gain,1,977,0.25,0.75,0.0
l2,4,control,"grain, fat",1,1870,1.0,0.0,0.0
l2,4,control,grow,1,2780,0.0,0.75,0.25
l2,4,control,hides,1,2331,0.0,1.0,0.0
l2,4,control,holes,1,2104,0.25,0.75,0.0
l2,4,control,iodine,1,3331,0.0,0.0,1.0
l2,4,control,kibble,1,1761,1.0,0.0,0.0
l2,4,control,legume,1,7084,0.75,0.25,0.0
l2,4,control,lick,1,1801,1.0,0.0,0.0
l2,4,control,medicated,1,5619,0.5,0.5,0.0
l2,4,control,millet,1,1078,0.75,0.0,0.25
l2,4,control,no bark,1,7969,1.0,0.0,0.0
l2,4,control,no melt,1,2781,1.0,0.0,0.0
l2,4,control,non absorbent,1,1507,0.75,0.25,0.0
l2,4,control,"non clumping unscented cat litter

the user is actually looking for cat litter",1,11479,0.75,0.25,0.0
l2,4,control,pea,1,5939,1.0,0.0,0.0
l2,4,control,pill,1,2506,1.0,0.0,0.0
l2,4,control,poop eating,1,16984,0.25,0.75,0.0
l2,4,control,probiotic,1,982,0.0,0.0,1.0
l2,4,control,protein,1,5096,1.0,0.0,0.0
l2,4,control,rice,1,1195,0.5,0.5,0.0
l2,4,control,salt,1,1015,0.0,0.0,1.0
l2,4,control,scented,1,1755,0.5,0.5,0.0
l2,4,control,scoot,1,25922,1.0,0.0,0.0
l2,4,control,seafood,1,1668,0.0,1.0,0.0
l2,4,control,shell,1,1278,0.0,0.25,0.75
l2,4,control,soy and corn,1,1287,0.0,1.0,0.0
l2,4,control,spray,1,2497,1.0,0.0,0.0
l2,4,control,squeaker,1,1524,1.0,0.0,0.0
l2,4,control,squeaky,1,17562,0.75,0.0,0.25
l2,4,control,squirrel,1,5398,0.5,0.5,0.0
l2,4,control,stink,1,3161,0.0,1.0,0.0
l2,4,control,stuff,1,1489,0.0,1.0,0.0
l2,4,control,stuffed,1,6207,0.25,0.75,0.0
l2,4,control,sunflower seeds,1,3792,0.5,0.25,0.25
l2,4,control,tear,1,7647,1.0,0.0,0.0
l2,4,control,toot,1,1991,1.0,0.0,0.0
l2,4,control,toxic,1,1267,0.0,1.0,0.0
l2,4,control,track,1,1419,0.75,0.25,0.0
l2,4,control,"unscented
dust",1,1250,0.0,1.0,0.0
l2,4,control,waste free,1,2251,0.5,0.5,0.0
l2,4,control,yeast,1,6961,0.5,0.0,0.5
l1_hybrid,36,control,all negative intent,795,7015957,0.1999729091531007,0.725032059007258,0.07499503183964128
l1_hybrid,36,control,grain,332,2692575,0.09348757436860831,0.8847493879774316,0.0217630376539599
l1_hybrid,36,control,chicken,59,461986,0.6002419144976495,0.24069139661278818,0.15906668888956224
l1_hybrid,36,control,pull,53,820714,0.24611626445011797,0.7460254879780276,0.007858247571854425
l1_hybrid,36,control,rawhide,47,760133,0.16783967045533116,0.8018799560954022,0.03028037344926623
l1_hybrid,36,control,hide,36,388507,0.10787936610894752,0.8895165767068975,0.002604057184154836
l1_hybrid,36,control,stuffing,24,369948,0.01970554720603372,0.9407232007381217,0.039571252055844414
l1_hybrid,36,control,dust,14,170435,0.041210399533220525,0.20548433257383877,0.7533052678929406
l1_hybrid,36,control,mess,14,59732,0.027195547519661866,0.5654241724145628,0.40738028006577526
l1_hybrid,36,control,gluten,10,66998,0.11094236643879912,0.7235311335993445,0.16552649996185623
l1_hybrid,36,control,odor,10,65047,0.10465680371287082,0.8342271314929546,0.061116064794174446
l1_hybrid,36,control,corn,9,26069,0.14720016537309105,0.5595748036194544,0.2932250310074545
l1_hybrid,36,control,waste,9,90813,0.07176377097258466,0.6623632568513808,0.2658729721760345
l1_hybrid,36,control,gmo,7,43028,0.001992888351770939,0.9092909784842944,0.08871613316393455
l1_hybrid,36,control,non clumping,7,175160,0.7535538935830098,0.23978156479155563,0.006664541625434507
l1_hybrid,36,control,poultry,7,28243,0.5491783608131021,0.24502728306325658,0.20579435612364122
l1_hybrid,36,control,soy,6,23601,0.04778634615294074,0.5295550094393363,0.4226586444077229
l1_hybrid,36,control,spill,6,94240,0.24490072627806078,0.683306805319751,0.07179246840218821
l1_hybrid,36,control,chew,5,51318,0.2557371032905933,0.7391942831408517,0.005068613568555097
l1_hybrid,36,control,shock,5,26156,0.5831835907631137,0.12677991877793068,0.29003649045895563
l1_hybrid,36,control,sugar,5,22557,0.19146187682562196,0.14043558786875715,0.6681025353056208
l1_hybrid,36,control,tracking,5,39207,0.22705412582220297,0.39027894678671327,0.3826669273910838
l1_hybrid,36,control,"grain, chicken",4,15603,0.6588832631901272,0.31821693833806886,0.02289979847180379
l1_hybrid,36,control,melt,4,15479,0.040226543489028106,0.2486612686722513,0.7111121878387205
l1_hybrid,36,control,poo,4,15555,0.5212882602950105,0.4787117397049895,0.0
l1_hybrid,36,control,poop,4,41032,0.5008265906284526,0.49917340937154736,0.0
l1_hybrid,36,control,scratch,4,13691,0.6667376784424479,0.316353403290077,0.016908918267474937
l1_hybrid,36,control,squeak,4,44033,0.701313030378731,0.1682601685099811,0.13042680111128777
l1_hybrid,36,control,wheat,4,25483,0.0460710190235756,0.8717347512720898,0.08219422970433445
l1_hybrid,36,control,allergy,3,8756,0.25430181209075686,0.6780303030303031,0.06766788487894014
l1_hybrid,36,control,fragrance,3,13202,0.2106877745796091,0.5966562305374606,0.1926559948829302
l1_hybrid,36,control,non gmo,3,4415,0.8225556813892035,0.06656599974833269,0.11087831886246378
l1_hybrid,36,control,scent,3,8027,0.7787190454438492,0.132594161372036,0.0886867931841147
l1_hybrid,36,control,unscented,3,9558,0.5866290018832392,0.4133709981167608,0.0
l1_hybrid,36,control,zip,3,3629,0.04725819785064753,0.39674994641927686,0.5559918557300756
l1_hybrid,36,control,catnip,2,3098,1.0,0.0,0.0
l1_hybrid,36,control,clay,2,8250,0.2403232323232323,0.7443838383838384,0.015292929292929277
l1_hybrid,36,control,clumping,2,7730,0.0881270662641943,0.9118729337358056,0.0
l1_hybrid,36,control,ears,2,9348,0.6984649122807017,0.1944444444444444,0.10709064327485379
l1_hybrid,36,control,fat,2,10582,0.30815430815430817,0.18766668766668765,0.5041790041790042
l1_hybrid,36,control,free,2,8017,0.16104755888360886,0.8389524411163912,0.0
l1_hybrid,36,control,non prescription,2,2306,0.294413125180688,0.6092801387684302,0.09630673605088173
l1_hybrid,36,control,pee,2,3586,0.8801821899981408,0.11981781000185904,0.0
l1_hybrid,36,control,prescription,2,27113,0.38404598859915495,0.34709671867124015,0.2688572927296049
l1_hybrid,36,control,teeth,2,4663,0.7111957013844211,0.26102652083780115,0.027777777777777703
l1_hybrid,36,control,tip,2,12866,0.0,0.8796202739347463,0.12037972606525377
l1_hybrid,36,control,additives,1,1600,0.1944444444444444,0.0,0.8055555555555556
l1_hybrid,36,control,aller,1,974,0.3055555555555556,0.6111111111111112,0.0833333333333333
l1_hybrid,36,control,bark,1,10077,0.8888888888888887,0.11111111111111109,0.0
l1_hybrid,36,control,bell,1,3873,0.9722222222222222,0.0,0.0277777777777777
l1_hybrid,36,control,bpa,1,1302,0.0,0.0,1.0
l1_hybrid,36,control,carpet,1,1496,0.5833333333333334,0.027777777777777696,0.3888888888888889
l1_hybrid,36,control,cat pee,1,1215,0.3333333333333333,0.6666666666666666,0.0
l1_hybrid,36,control,choke,1,1536,0.0555555555555555,0.9444444444444443,0.0
l1_hybrid,36,control,clump,1,3211,0.7777777777777778,0.2222222222222222,0.0
l1_hybrid,36,control,corn and soy,1,2593,0.1388888888888889,0.5277777777777778,0.3333333333333333
l1_hybrid,36,control,d3,1,1856,0.3611111111111111,0.2222222222222222,0.4166666666666667
l1_hybrid,36,control,dehp,1,5570,0.027777777777777703,0.3611111111111111,0.6111111111111112
l1_hybrid,36,control,"dust, scent",1,1132,0.1944444444444444,0.3055555555555556,0.5
l1_hybrid,36,control,escape,1,1062,0.1111111111111111,0.8333333333333334,0.0555555555555555
l1_hybrid,36,control,fish,1,1456,0.8888888888888888,0.0555555555555555,0.0555555555555555
l1_hybrid,36,control,gain,1,977,0.0833333333333333,0.9166666666666666,0.0
l1_hybrid,36,control,"grain, fat",1,1870,1.0,0.0,0.0
l1_hybrid,36,control,grow,1,2780,0.0277777777777777,0.3055555555555556,0.6666666666666666
l1_hybrid,36,control,hides,1,2331,0.1111111111111111,0.8611111111111112,0.0277777777777777
l1_hybrid,36,control,holes,1,2104,0.2258064516129032,0.7419354838709677,0.032258064516129
l1_hybrid,36,control,iodine,1,3331,0.0,0.055555555555555504,0.9444444444444444
l1_hybrid,36,control,kibble,1,1761,1.0,0.0,0.0
l1_hybrid,36,control,legume,1,7084,0.4722222222222222,0.0833333333333333,0.4444444444444444
l1_hybrid,36,control,lick,1,1801,0.9166666666666666,0.0833333333333333,0.0
l1_hybrid,36,control,medicated,1,5619,0.2777777777777778,0.5277777777777778,0.1944444444444444
l1_hybrid,36,control,millet,1,1078,0.3888888888888889,0.0555555555555555,0.5555555555555556
l1_hybrid,36,control,no bark,1,7969,1.0,0.0,0.0
l1_hybrid,36,control,no melt,1,2781,0.5,0.2222222222222222,0.2777777777777778
l1_hybrid,36,control,non absorbent,1,1507,0.5277777777777778,0.41666666666666674,0.0555555555555555
l1_hybrid,36,control,"non clumping unscented cat litter

the user is actually looking for cat litter",1,11479,0.7777777777777778,0.19444444444444442,0.0277777777777777
l1_hybrid,36,control,pea,1,5939,0.36111111111111105,0.0555555555555555,0.5833333333333334
l1_hybrid,36,control,pill,1,2506,1.0,0.0,0.0
l1_hybrid,36,control,poop eating,1,16984,0.3611111111111111,0.5833333333333334,0.0555555555555555
l1_hybrid,36,control,probiotic,1,982,0.0,0.0,1.0
l1_hybrid,36,control,protein,1,5096,0.9444444444444444,0.027777777777777696,0.027777777777777696
l1_hybrid,36,control,rice,1,1195,0.1111111111111111,0.5,0.3888888888888889
l1_hybrid,36,control,salt,1,1015,0.0,0.0,1.0
l1_hybrid,36,control,scented,1,1755,0.4444444444444444,0.5,0.0555555555555555
l1_hybrid,36,control,scoot,1,25922,0.5555555555555556,0.4166666666666667,0.0277777777777777
l1_hybrid,36,control,seafood,1,1668,0.5,0.38888888888888884,0.1111111111111111
l1_hybrid,36,control,shell,1,1278,0.1111111111111111,0.3888888888888889,0.5
l1_hybrid,36,control,soy and corn,1,1287,0.2222222222222222,0.4166666666666667,0.3611111111111111
l1_hybrid,36,control,spray,1,2497,1.0,0.0,0.0
l1_hybrid,36,control,squeaker,1,1524,0.9444444444444444,0.0277777777777777,0.0277777777777777
l1_hybrid,36,control,squeaky,1,17562,0.8611111111111112,0.0,0.1388888888888889
l1_hybrid,36,control,squirrel,1,5398,0.3333333333333333,0.5833333333333334,0.0833333333333333
l1_hybrid,36,control,stink,1,3161,0.0833333333333333,0.9166666666666665,0.0
l1_hybrid,36,control,stuff,1,1489,0.75,0.1944444444444444,0.05555555555555549
l1_hybrid,36,control,stuffed,1,6207,0.2222222222222222,0.75,0.0277777777777777
l1_hybrid,36,control,sunflower seeds,1,3792,0.4444444444444444,0.0277777777777777,0.5277777777777778
l1_hybrid,36,control,tear,1,7647,0.3055555555555556,0.6388888888888888,0.0555555555555555
l1_hybrid,36,control,toot,1,1991,0.2258064516129032,0.7096774193548387,0.064516129032258
l1_hybrid,36,control,toxic,1,1267,0.0,1.0,0.0
l1_hybrid,36,control,track,1,1419,0.3055555555555556,0.19444444444444436,0.5
l1_hybrid,36,control,"unscented
dust",1,1250,0.25,0.5277777777777778,0.2222222222222222
l1_hybrid,36,control,waste free,1,2251,0.25,0.75,0.0
l1_hybrid,36,control,yeast,1,6961,0.0833333333333333,0.0,0.9166666666666666
l1_hybrid,10,control,all negative intent,795,7015957,0.19699122775885505,0.7466974807095692,0.056311291531575804
l1_hybrid,10,control,grain,332,2692575,0.07215212203931182,0.9085071353629888,0.01934074259769923
l1_hybrid,10,control,chicken,59,461986,0.7225329338984299,0.16689834756897395,0.11056871853259624
l1_hybrid,10,control,pull,53,820714,0.16280446050633962,0.830579471045943,0.006616068447717475
l1_hybrid,10,control,rawhide,47,760133,0.16217280396983164,0.8111454179729074,0.026681778057261032
l1_hybrid,10,control,hide,36,388507,0.06522070387406147,0.9344868947020262,0.0002924014239125679
l1_hybrid,10,control,stuffing,24,369948,0.004272222042016716,0.9957277779579833,0.0
l1_hybrid,10,control,dust,14,170435,0.02970751312817203,0.2102977674773374,0.7599947193944906
l1_hybrid,10,control,mess,14,59732,0.020586955065961296,0.677680305363959,0.3017327395700797
l1_hybrid,10,control,gluten,10,66998,0.21019284157736054,0.6819770739425057,0.10783008448013373
l1_hybrid,10,control,odor,10,65047,0.04553015511860655,0.9265438836533584,0.027925961228035114
l1_hybrid,10,control,corn,9,26069,0.20330277340902986,0.7149794775403736,0.0817177490505965
l1_hybrid,10,control,waste,9,90813,0.05599308469051787,0.8505709534978473,0.09343596181163491
l1_hybrid,10,control,gmo,7,43028,0.0,1.0,0.0
l1_hybrid,10,control,non clumping,7,175160,0.8146591687599909,0.1837223110299155,0.0016185202100936287
l1_hybrid,10,control,poultry,7,28243,0.801444605743016,0.08300817901780973,0.11554721523917433
l1_hybrid,10,control,soy,6,23601,0.004978602601584678,0.9670310580060167,0.027990339392398627
l1_hybrid,10,control,spill,6,94240,0.40550191001697794,0.5291266977928692,0.06537139219015281
l1_hybrid,10,control,chew,5,51318,0.14565064889512452,0.8524104602673526,0.0019388908375228965
l1_hybrid,10,control,shock,5,26156,0.40611714329408166,0.24793164092368866,0.3459512157822297
l1_hybrid,10,control,sugar,5,22557,0.32977789599680807,0.20719510573214522,0.4630269982710467
l1_hybrid,10,control,tracking,5,39207,0.32965031754533625,0.4206162164919529,0.24973346596271073
l1_hybrid,10,control,"grain, chicken",4,15603,0.719387297314619,0.28061270268538097,0.0
l1_hybrid,10,control,melt,4,15479,0.0946055946766587,0.6484656631565346,0.25692874216680667
l1_hybrid,10,control,poo,4,15555,0.7010028929604628,0.2989971070395371,0.0
l1_hybrid,10,control,poop,4,41032,0.7916260479625657,0.2083739520374342,0.0
l1_hybrid,10,control,scratch,4,13691,0.723760134394858,0.2153677598422321,0.06087210576290994
l1_hybrid,10,control,squeak,4,44033,0.7154838416642063,0.2845161583357936,0.0
l1_hybrid,10,control,wheat,4,25483,0.0,0.8961189812816388,0.10388101871836126
l1_hybrid,10,control,allergy,3,8756,0.36556646870717224,0.5845134764732755,0.049920054819552306
l1_hybrid,10,control,fragrance,3,13202,0.24479624299348585,0.6102332979851537,0.1449704590213604
l1_hybrid,10,control,non gmo,3,4415,0.9774858437146093,0.022514156285390715,0.0
l1_hybrid,10,control,scent,3,8027,0.8083592874050081,0.07903326273825839,0.11260744985673353
l1_hybrid,10,control,unscented,3,9558,0.4610169491525423,0.5389830508474576,0.0
l1_hybrid,10,control,zip,3,3629,0.09947643979057591,0.7841829705152934,0.11634058969413062
l1_hybrid,10,control,catnip,2,3098,1.0,0.0,0.0
l1_hybrid,10,control,clay,2,8250,0.37247272727272723,0.6275272727272728,0.0
l1_hybrid,10,control,clumping,2,7730,0.1,0.9000000000000001,0.0
l1_hybrid,10,control,ears,2,9348,0.7236842105263158,0.27631578947368424,0.0
l1_hybrid,10,control,fat,2,10582,0.3678888678888679,0.2113778113778114,0.4207333207333207
l1_hybrid,10,control,free,2,8017,0.3776038418360983,0.6223961581639017,0.0
l1_hybrid,10,control,non prescription,2,2306,0.259887250650477,0.5467042497831742,0.19340849956634865
l1_hybrid,10,control,pee,2,3586,0.9421639709983268,0.05783602900167317,0.0
l1_hybrid,10,control,prescription,2,27113,0.3293586102607605,0.3293586102607605,0.34128277947847896
l1_hybrid,10,control,teeth,2,4663,0.8000000000000002,0.130152262491958,0.06984773750804205
l1_hybrid,10,control,tip,2,12866,0.0,0.9000000000000001,0.09999999999999999
l1_hybrid,10,control,additives,1,1600,0.5,0.0,0.5
l1_hybrid,10,control,aller,1,974,0.5,0.5,0.0
l1_hybrid,10,control,bark,1,10077,0.8,0.2,0.0
l1_hybrid,10,control,bell,1,3873,1.0,0.0,0.0
l1_hybrid,10,control,bpa,1,1302,0.0,0.0,1.0
l1_hybrid,10,control,carpet,1,1496,1.0,0.0,0.0
l1_hybrid,10,control,cat pee,1,1215,0.4,0.6,0.0
l1_hybrid,10,control,choke,1,1536,0.0,1.0,0.0
l1_hybrid,10,control,clump,1,3211,0.7,0.3,0.0
l1_hybrid,10,control,corn and soy,1,2593,0.3,0.7,0.0
l1_hybrid,10,control,d3,1,1856,0.5,0.5,0.0
l1_hybrid,10,control,dehp,1,5570,0.1,0.0,0.9
l1_hybrid,10,control,"dust, scent",1,1132,0.4,0.4,0.2
l1_hybrid,10,control,escape,1,1062,0.4,0.6,0.0
l1_hybrid,10,control,fish,1,1456,1.0,0.0,0.0
l1_hybrid,10,control,gain,1,977,0.1,0.9,0.0
l1_hybrid,10,control,"grain, fat",1,1870,1.0,0.0,0.0
l1_hybrid,10,control,grow,1,2780,0.0,0.5,0.5
l1_hybrid,10,control,hides,1,2331,0.1,0.9,0.0
l1_hybrid,10,control,holes,1,2104,0.4,0.6,0.0
l1_hybrid,10,control,iodine,1,3331,0.0,0.1,0.9
l1_hybrid,10,control,kibble,1,1761,1.0,0.0,0.0
l1_hybrid,10,control,legume,1,7084,0.5,0.10000000000000002,0.4000000000000001
l1_hybrid,10,control,lick,1,1801,1.0,0.0,0.0
l1_hybrid,10,control,medicated,1,5619,0.5,0.5,0.0
l1_hybrid,10,control,millet,1,1078,0.7,0.0,0.3
l1_hybrid,10,control,no bark,1,7969,1.0,0.0,0.0
l1_hybrid,10,control,no melt,1,2781,1.0,0.0,0.0
l1_hybrid,10,control,non absorbent,1,1507,0.4,0.6,0.0
l1_hybrid,10,control,"non clumping unscented cat litter

the user is actually looking for cat litter",1,11479,0.9,0.1,0.0
l1_hybrid,10,control,pea,1,5939,0.9,0.0,0.09999999999999999
l1_hybrid,10,control,pill,1,2506,1.0,0.0,0.0
l1_hybrid,10,control,poop eating,1,16984,0.5,0.5,0.0
l1_hybrid,10,control,probiotic,1,982,0.0,0.0,1.0
l1_hybrid,10,control,protein,1,5096,1.0,0.0,0.0
l1_hybrid,10,control,rice,1,1195,0.2,0.5,0.3
l1_hybrid,10,control,salt,1,1015,0.0,0.0,1.0
l1_hybrid,10,control,scented,1,1755,0.7,0.2,0.1
l1_hybrid,10,control,scoot,1,25922,0.9,0.0,0.1
l1_hybrid,10,control,seafood,1,1668,0.0,1.0,0.0
l1_hybrid,10,control,shell,1,1278,0.1,0.3,0.6
l1_hybrid,10,control,soy and corn,1,1287,0.20000000000000004,0.8000000000000002,0.0
l1_hybrid,10,control,spray,1,2497,1.0,0.0,0.0
l1_hybrid,10,control,squeaker,1,1524,1.0,0.0,0.0
l1_hybrid,10,control,squeaky,1,17562,0.8,0.0,0.2
l1_hybrid,10,control,squirrel,1,5398,0.5,0.5,0.0
l1_hybrid,10,control,stink,1,3161,0.2,0.8,0.0
l1_hybrid,10,control,stuff,1,1489,0.6,0.4,0.0
l1_hybrid,10,control,stuffed,1,6207,0.1,0.9,0.0
l1_hybrid,10,control,sunflower seeds,1,3792,0.5,0.1,0.4
l1_hybrid,10,control,tear,1,7647,0.6,0.4,0.0
l1_hybrid,10,control,toot,1,1991,0.6666666666666666,0.3333333333333333,0.0
l1_hybrid,10,control,toxic,1,1267,0.0,1.0,0.0
l1_hybrid,10,control,track,1,1419,0.5,0.4,0.1
l1_hybrid,10,control,"unscented
dust",1,1250,0.2,0.7,0.1
l1_hybrid,10,control,waste free,1,2251,0.2,0.8,0.0
l1_hybrid,10,control,yeast,1,6961,0.2,0.0,0.8
l1_hybrid,4,control,all negative intent,795,7015957,0.18798276557282206,0.7602768588804065,0.05174037554677145
l1_hybrid,4,control,grain,332,2692575,0.0715044149188045,0.9209573549483301,0.00753823013286538
l1_hybrid,4,control,chicken,59,461986,0.7541559700943319,0.14663269016810032,0.09921133973756781
l1_hybrid,4,control,pull,53,820714,0.15588225618181242,0.8378067755637165,0.006310968254471107
l1_hybrid,4,control,rawhide,47,760133,0.0809108406028945,0.8595640499754649,0.05952510942164069
l1_hybrid,4,control,hide,36,388507,0.05822739358621595,0.9410416028540026,0.0007310035597814196
l1_hybrid,4,control,stuffing,24,369948,0.0013650567106728514,0.9986349432893271,0.0
l1_hybrid,4,control,dust,14,170435,0.015363628362718925,0.14679496582274768,0.8378414058145334
l1_hybrid,4,control,mess,14,59732,0.03225657938793277,0.8734514163262573,0.09429200428580996
l1_hybrid,4,control,gluten,10,66998,0.01436983193528165,0.848357413654139,0.13727275441057943
l1_hybrid,4,control,odor,10,65047,0.09231017571909542,0.9076898242809046,0.0
l1_hybrid,4,control,corn,9,26069,0.278136867543826,0.6412789136522307,0.08058421880394338
l1_hybrid,4,control,waste,9,90813,0.005924261944875733,0.9940757380551243,0.0
l1_hybrid,4,control,gmo,7,43028,0.0,1.0,0.0
l1_hybrid,4,control,non clumping,7,175160,0.7127026718428865,0.2872973281571135,0.0
l1_hybrid,4,control,poultry,7,28243,0.8306305987324293,0.0,0.16936940126757072
l1_hybrid,4,control,soy,6,23601,0.0,1.0,0.0
l1_hybrid,4,control,spill,6,94240,0.49074968166383703,0.3603193972835314,0.1489309210526316
l1_hybrid,4,control,chew,5,51318,0.14317588370552242,0.8568241162944775,0.0
l1_hybrid,4,control,shock,5,26156,0.4073157210582658,0.3426842789417342,0.25
l1_hybrid,4,control,sugar,5,22557,0.23288779536285853,0.158165979518553,0.6089462251185884
l1_hybrid,4,control,tracking,5,39207,0.4346417731527533,0.29354452011120463,0.27181370673604205
l1_hybrid,4,control,"grain, chicken",4,15603,0.6393802473883228,0.3606197526116772,0.0
l1_hybrid,4,control,melt,4,15479,0.05912849667291169,0.9408715033270884,0.0
l1_hybrid,4,control,poo,4,15555,0.7112504018000643,0.28874959819993573,0.0
l1_hybrid,4,control,poop,4,41032,0.9505568824332229,0.04944311756677715,0.0
l1_hybrid,4,control,scratch,4,13691,0.9813928858374115,0.01860711416258856,0.0
l1_hybrid,4,control,squeak,4,44033,0.7665444098744124,0.23345559012558761,0.0
l1_hybrid,4,control,wheat,4,25483,0.0,0.881568104226347,0.11843189577365303
l1_hybrid,4,control,allergy,3,8756,0.414315897670169,0.4608839652809502,0.12480013704888077
l1_hybrid,4,control,fragrance,3,13202,0.15541205877897288,0.8445879412210271,0.0
l1_hybrid,4,control,non gmo,3,4415,1.0,0.0,0.0
l1_hybrid,4,control,scent,3,8027,0.802416843154354,0.09879157842282298,0.09879157842282298
l1_hybrid,4,control,unscented,3,9558,0.5508474576271186,0.4491525423728814,0.0
l1_hybrid,4,control,zip,3,3629,0.07205841829705154,0.9279415817029485,0.0
l1_hybrid,4,control,catnip,2,3098,1.0,0.0,0.0
l1_hybrid,4,control,clay,2,8250,0.6811818181818182,0.31881818181818183,0.0
l1_hybrid,4,control,clumping,2,7730,0.20685640362225097,0.793143596377749,0.0
l1_hybrid,4,control,ears,2,9348,0.6546052631578947,0.34539473684210525,0.0
l1_hybrid,4,control,fat,2,10582,0.5518333018333018,0.26422226422226425,0.18394443394443394
l1_hybrid,4,control,free,2,8017,0.524884620182113,0.475115379817887,0.0
l1_hybrid,4,control,non prescription,2,2306,0.38323937554206416,0.4835212489158716,0.1332393755420642
l1_hybrid,4,control,pee,2,3586,0.9277049637479086,0.07229503625209147,0.0
l1_hybrid,4,control,prescription,2,27113,0.25,0.5366982628259507,0.21330173717404935
l1_hybrid,4,control,teeth,2,4663,0.9246193437701051,0.07538065622989491,0.0
l1_hybrid,4,control,tip,2,12866,0.0,0.8833164930825431,0.11668350691745687
l1_hybrid,4,control,additives,1,1600,0.75,0.0,0.25
l1_hybrid,4,control,aller,1,974,0.75,0.25,0.0
l1_hybrid,4,control,bark,1,10077,0.5,0.5,0.0
l1_hybrid,4,control,bell,1,3873,1.0,0.0,0.0
l1_hybrid,4,control,bpa,1,1302,0.0,0.0,1.0
l1_hybrid,4,control,carpet,1,1496,1.0,0.0,0.0
l1_hybrid,4,control,cat pee,1,1215,0.0,1.0,0.0
l1_hybrid,4,control,choke,1,1536,0.0,1.0,0.0
l1_hybrid,4,control,clump,1,3211,0.25,0.75,0.0
l1_hybrid,4,control,corn and soy,1,2593,0.25,0.75,0.0
l1_hybrid,4,control,d3,1,1856,0.5,0.5,0.0
l1_hybrid,4,control,dehp,1,5570,0.25,0.0,0.75
l1_hybrid,4,control,"dust, scent",1,1132,0.5,0.0,0.5
l1_hybrid,4,control,escape,1,1062,1.0,0.0,0.0
l1_hybrid,4,control,fish,1,1456,1.0,0.0,0.0
l1_hybrid,4,control,gain,1,977,0.25,0.75,0.0
l1_hybrid,4,control,"grain, fat",1,1870,1.0,0.0,0.0
l1_hybrid,4,control,grow,1,2780,0.0,0.75,0.25
l1_hybrid,4,control,hides,1,2331,0.0,1.0,0.0
l1_hybrid,4,control,holes,1,2104,0.25,0.75,0.0
l1_hybrid,4,control,iodine,1,3331,0.0,0.0,1.0
l1_hybrid,4,control,kibble,1,1761,1.0,0.0,0.0
l1_hybrid,4,control,legume,1,7084,0.75,0.25,0.0
l1_hybrid,4,control,lick,1,1801,1.0,0.0,0.0
l1_hybrid,4,control,medicated,1,5619,0.5,0.5,0.0
l1_hybrid,4,control,millet,1,1078,1.0,0.0,0.0
l1_hybrid,4,control,no bark,1,7969,1.0,0.0,0.0
l1_hybrid,4,control,no melt,1,2781,1.0,0.0,0.0
l1_hybrid,4,control,non absorbent,1,1507,0.75,0.25,0.0
l1_hybrid,4,control,"non clumping unscented cat litter

the user is actually looking for cat litter",1,11479,0.75,0.25,0.0
l1_hybrid,4,control,pea,1,5939,1.0,0.0,0.0
l1_hybrid,4,control,pill,1,2506,1.0,0.0,0.0
l1_hybrid,4,control,poop eating,1,16984,0.25,0.75,0.0
l1_hybrid,4,control,probiotic,1,982,0.0,0.0,1.0
l1_hybrid,4,control,protein,1,5096,1.0,0.0,0.0
l1_hybrid,4,control,rice,1,1195,0.5,0.5,0.0
l1_hybrid,4,control,salt,1,1015,0.0,0.0,1.0
l1_hybrid,4,control,scented,1,1755,0.5,0.5,0.0
l1_hybrid,4,control,scoot,1,25922,1.0,0.0,0.0
l1_hybrid,4,control,seafood,1,1668,0.0,1.0,0.0
l1_hybrid,4,control,shell,1,1278,0.0,0.25,0.75
l1_hybrid,4,control,soy and corn,1,1287,0.25,0.75,0.0
l1_hybrid,4,control,spray,1,2497,1.0,0.0,0.0
l1_hybrid,4,control,squeaker,1,1524,1.0,0.0,0.0
l1_hybrid,4,control,squeaky,1,17562,0.75,0.0,0.25
l1_hybrid,4,control,squirrel,1,5398,0.5,0.5,0.0
l1_hybrid,4,control,stink,1,3161,0.0,1.0,0.0
l1_hybrid,4,control,stuff,1,1489,0.0,1.0,0.0
l1_hybrid,4,control,stuffed,1,6207,0.25,0.75,0.0
l1_hybrid,4,control,sunflower seeds,1,3792,0.5,0.25,0.25
l1_hybrid,4,control,tear,1,7647,1.0,0.0,0.0
l1_hybrid,4,control,toot,1,1991,1.0,0.0,0.0
l1_hybrid,4,control,toxic,1,1267,0.0,1.0,0.0
l1_hybrid,4,control,track,1,1419,0.75,0.25,0.0
l1_hybrid,4,control,"unscented
dust",1,1250,0.0,1.0,0.0
l1_hybrid,4,control,waste free,1,2251,0.5,0.5,0.0
l1_hybrid,4,control,yeast,1,6961,0.5,0.0,0.5
knn,36,control,all negative intent,795,7015957,0.1737464959241324,0.7418063337630686,0.08444717031279902
knn,36,control,grain,332,2692575,0.08189060038562836,0.886190769472015,0.031918630142356484
knn,36,control,chicken,59,461986,0.4630163155497256,0.2789997965306308,0.2579838879196435
knn,36,control,pull,53,820714,0.17173830076954666,0.8267049246821129,0.0015567745483404253
knn,36,control,rawhide,47,760133,0.13851629327440795,0.822248029109526,0.039235677616066285
knn,36,control,hide,36,388507,0.06414220192800758,0.932256261362944,0.003601536709048283
knn,36,control,stuffing,24,369948,0.019734605343934186,0.9215174985553524,0.05874789610071321
knn,36,control,dust,14,170435,0.04294550219536278,0.17924559053141792,0.7778089072732193
knn,36,control,mess,14,59732,0.016155029502146607,0.8640483046496573,0.119796665848196
knn,36,control,gluten,10,66998,0.07371488701155256,0.6656935862098703,0.2605915267785771
knn,36,control,odor,10,65047,0.10414478078244274,0.8348002213783879,0.061054997839169275
knn,36,control,corn,9,26069,0.1366054189522677,0.6169822820634129,0.24641229898431938
knn,36,control,waste,9,90813,0.06379470878496345,0.8345149434062915,0.10169034780874495
knn,36,control,gmo,7,43028,0.00597866505531282,0.8970573425056549,0.0969639924390319
knn,36,control,non clumping,7,175160,0.8177777143437112,0.18222228565628884,0.0
knn,36,control,poultry,7,28243,0.5313627368826888,0.31514495233823914,0.15349231077907208
knn,36,control,soy,6,23601,0.05787537251246413,0.539981827512017,0.4021427999755189
knn,36,control,spill,6,94240,0.3593596727032635,0.5264392921146953,0.11420103518204114
knn,36,control,chew,5,51318,0.3062906236061854,0.6879311352741728,0.005778241119641788
knn,36,control,shock,5,26156,0.4440058367742265,0.13252748466466155,0.423466678561112
knn,36,control,sugar,5,22557,0.21928029239506827,0.14419766221867564,0.636522045386256
knn,36,control,tracking,5,39207,0.4268526311911422,0.3425309539396309,0.23061641486922685
knn,36,control,"grain, chicken",4,15603,0.4882234185733513,0.44385160973317095,0.0679249716934777
knn,36,control,melt,4,15479,0.013139665927313695,0.3718999217577937,0.6149604123148926
knn,36,control,poo,4,15555,0.5569752491160399,0.4346476659880709,0.008377084895889116
knn,36,control,poop,4,41032,0.4174038961460973,0.5807648772773553,0.0018312265765472965
knn,36,control,scratch,4,13691,0.7263530786648165,0.2567380030677087,0.016908918267474937
knn,36,control,squeak,4,44033,0.5429393863693139,0.19173687915881266,0.26532373447187335
knn,36,control,wheat,4,25483,0.06512184593650665,0.7427097367744073,0.19216841728908596
knn,36,control,allergy,3,8756,0.10602570935485506,0.8306970458352368,0.0632772448099081
knn,36,control,fragrance,3,13202,0.3465889006716154,0.3898651719436449,0.2635459273847397
knn,36,control,non gmo,3,4415,0.7744998112495282,0.10436642758273558,0.12113376116773622
knn,36,control,scent,3,8027,0.3018527746632892,0.5557562670431737,0.1423909582935371
knn,36,control,unscented,3,9558,0.57015065913371,0.42984934086629,0.0
knn,36,control,zip,3,3629,0.04725819785064753,0.5513073696457549,0.4014344325035975
knn,36,control,catnip,2,3098,0.9302865648088371,0.0,0.06971343519116271
knn,36,control,clay,2,8250,0.2902626262626263,0.6743131313131313,0.03542424242424235
knn,36,control,clumping,2,7730,0.0833333333333333,0.9166666666666666,0.0
knn,36,control,ears,2,9348,0.4181286549707603,0.3782894736842105,0.20358187134502925
knn,36,control,fat,2,10582,0.31391356391356395,0.19500619500619498,0.4910802410802411
knn,36,control,free,2,8017,0.12122192022624191,0.8787780797737581,0.0
knn,36,control,non prescription,2,2306,0.4943504866531754,0.3982003469210755,0.1074491664257492
knn,36,control,pee,2,3586,0.7171949556918883,0.28280504430811176,0.0
knn,36,control,prescription,2,27113,0.3463314031399452,0.2859329472946557,0.3677356495653991
knn,36,control,teeth,2,4663,0.8664128958467366,0.13358710415326325,0.0
knn,36,control,tip,2,12866,0.012964834101939614,0.8259128279530892,0.16112233794497124
knn,36,control,additives,1,1600,0.1666666666666666,0.0,0.8333333333333335
knn,36,control,aller,1,974,0.3888888888888889,0.5277777777777778,0.0833333333333333
knn,36,control,bark,1,10077,0.6666666666666666,0.3333333333333333,0.0
knn,36,control,bell,1,3873,0.9166666666666666,0.0,0.0833333333333333
knn,36,control,bpa,1,1302,0.0,0.0,1.0
knn,36,control,carpet,1,1496,0.5,0.027777777777777696,0.4722222222222222
knn,36,control,cat pee,1,1215,0.027777777777777703,0.9722222222222222,0.0
knn,36,control,choke,1,1536,0.0,1.0,0.0
knn,36,control,clump,1,3211,0.4166666666666667,0.5833333333333334,0.0
knn,36,control,corn and soy,1,2593,0.2777777777777778,0.4444444444444444,0.2777777777777778
knn,36,control,d3,1,1856,0.4444444444444444,0.3333333333333333,0.2222222222222222
knn,36,control,dehp,1,5570,0.0555555555555555,0.22222222222222218,0.7222222222222222
knn,36,control,"dust, scent",1,1132,0.2777777777777778,0.2222222222222222,0.5
knn,36,control,escape,1,1062,1.0,0.0,0.0
knn,36,control,fish,1,1456,0.8611111111111112,0.0277777777777777,0.1111111111111111
knn,36,control,gain,1,977,0.0277777777777777,0.9722222222222222,0.0
knn,36,control,"grain, fat",1,1870,1.0,0.0,0.0
knn,36,control,grow,1,2780,0.0277777777777777,0.41666666666666674,0.5555555555555556
knn,36,control,hides,1,2331,0.0555555555555555,0.9444444444444444,0.0
knn,36,control,holes,1,2104,0.088235294117647,0.8823529411764706,0.0294117647058823
knn,36,control,iodine,1,3331,0.0,0.0,1.0
knn,36,control,kibble,1,1761,1.0,0.0,0.0
knn,36,control,legume,1,7084,0.75,0.0555555555555555,0.1944444444444444
knn,36,control,lick,1,1801,0.5,0.5,0.0
knn,36,control,medicated,1,5619,0.2777777777777778,0.6111111111111112,0.11111111111111109
knn,36,control,millet,1,1078,0.5,0.0277777777777777,0.4722222222222222
knn,36,control,no bark,1,7969,1.0,0.0,0.0
knn,36,control,no melt,1,2781,0.4444444444444444,0.2222222222222222,0.3333333333333333
knn,36,control,non absorbent,1,1507,0.5,0.5,0.0
knn,36,control,"non clumping unscented cat litter

the user is actually looking for cat litter",1,11479,0.8611111111111112,0.1388888888888889,0.0
knn,36,control,pea,1,5939,0.4166666666666667,0.027777777777777703,0.5555555555555556
knn,36,control,pill,1,2506,1.0,0.0,0.0
knn,36,control,poop eating,1,16984,0.3611111111111111,0.6111111111111112,0.0277777777777777
knn,36,control,probiotic,1,982,0.0,0.0,1.0
knn,36,control,protein,1,5096,0.9444444444444444,0.027777777777777696,0.027777777777777696
knn,36,control,rice,1,1195,0.0833333333333333,0.5833333333333334,0.3333333333333333
knn,36,control,salt,1,1015,0.0,0.0,1.0
knn,36,control,scented,1,1755,0.3888888888888889,0.5,0.1111111111111111
knn,36,control,scoot,1,25922,0.75,0.2222222222222222,0.0277777777777777
knn,36,control,seafood,1,1668,0.4444444444444444,0.5,0.0555555555555555
knn,36,control,shell,1,1278,0.0833333333333333,0.5,0.4166666666666667
knn,36,control,soy and corn,1,1287,0.3055555555555556,0.5,0.1944444444444444
knn,36,control,spray,1,2497,0.9722222222222221,0.0277777777777777,0.0
knn,36,control,squeaker,1,1524,0.8333333333333334,0.0277777777777777,0.1388888888888889
knn,36,control,squeaky,1,17562,0.8055555555555556,0.0277777777777777,0.1666666666666666
knn,36,control,squirrel,1,5398,0.3611111111111111,0.6388888888888888,0.0
knn,36,control,stink,1,3161,0.11111111111111112,0.888888888888889,0.0
knn,36,control,stuff,1,1489,0.75,0.2222222222222222,0.0277777777777777
knn,36,control,stuffed,1,6207,0.1388888888888889,0.8055555555555557,0.0555555555555555
knn,36,control,sunflower seeds,1,3792,0.3611111111111111,0.055555555555555504,0.5833333333333334
knn,36,control,tear,1,7647,0.25,0.7222222222222222,0.0277777777777777
knn,36,control,toot,1,1991,0.2666666666666666,0.7333333333333333,0.0
knn,36,control,toxic,1,1267,0.0,1.0,0.0
knn,36,control,track,1,1419,0.5277777777777778,0.1666666666666666,0.3055555555555556
knn,36,control,"unscented
dust",1,1250,0.2777777777777778,0.5555555555555556,0.1666666666666666
knn,36,control,waste free,1,2251,0.3611111111111111,0.6388888888888888,0.0
knn,36,control,yeast,1,6961,0.22222222222222224,0.0,0.7777777777777778
knn,10,control,all negative intent,795,7015957,0.16441010272883816,0.7628593488940836,0.07273054837707814
knn,10,control,grain,332,2692575,0.0580026554506374,0.8982360751325404,0.04376126941682218
knn,10,control,chicken,59,461986,0.47130345941218993,0.2668459650292434,0.2618505755585667
knn,10,control,pull,53,820714,0.12031012021240042,0.878635310229873,0.001054569557726565
knn,10,control,rawhide,47,760133,0.07191215221546755,0.9043756816241368,0.023712166160395617
knn,10,control,hide,36,388507,0.05850164861894381,0.9412059499571439,0.0002924014239125679
knn,10,control,stuffing,24,369948,0.0005460226842691405,0.9994539773157308,0.0
knn,10,control,dust,14,170435,0.033324141168187285,0.2012603045149177,0.7654155543168949
knn,10,control,mess,14,59732,0.0042054510145315745,0.9957945489854685,0.0
knn,10,control,gluten,10,66998,0.006073315621361832,0.7373652944864025,0.2565613898922356
knn,10,control,odor,10,65047,0.11722293111135025,0.8478254185435147,0.03495165034513505
knn,10,control,corn,9,26069,0.22031915301699334,0.7121255130614905,0.06755533392151598
knn,10,control,waste,9,90813,0.0777586909363197,0.9021494719918955,0.020091837071784878
knn,10,control,gmo,7,43028,0.0,1.0,0.0
knn,10,control,non clumping,7,175160,0.9733500799269239,0.026649920073076046,0.0
knn,10,control,poultry,7,28243,0.49104556881351125,0.24337711999433487,0.26557731119215383
knn,10,control,soy,6,23601,0.014935807804754037,0.9570738528028474,0.027990339392398627
knn,10,control,spill,6,94240,0.5913412563667233,0.40865874363327664,0.0
knn,10,control,chew,5,51318,0.10468451615417591,0.8888830429868662,0.006432440858957871
knn,10,control,shock,5,26156,0.3489103838507417,0.2076999541214253,0.443389662027833
knn,10,control,sugar,5,22557,0.257028860220774,0.143042071197411,0.5999290685818149
knn,10,control,tracking,5,39207,0.6031754533629199,0.27071441324253326,0.1261101333945469
knn,10,control,"grain, chicken",4,15603,0.6328142023969751,0.3410497981157469,0.02613599948727809
knn,10,control,melt,4,15479,0.0,0.9194198591640287,0.08058014083597133
knn,10,control,poo,4,15555,0.7138154934104789,0.25602700096432013,0.030157505625200903
knn,10,control,poop,4,41032,0.875943166309222,0.12405683369077794,0.0
knn,10,control,scratch,4,13691,0.8316850485720545,0.16831495142794536,0.0
knn,10,control,squeak,4,44033,0.609978879476756,0.29613471714396017,0.09388640337928372
knn,10,control,wheat,4,25483,0.06880273123258644,0.6323509790840952,0.2988462896833183
knn,10,control,allergy,3,8756,0.22196208314298765,0.6781978072179077,0.09984010963910461
knn,10,control,fragrance,3,13202,0.38959248598697166,0.3447962429934858,0.26561127101954246
knn,10,control,non gmo,3,4415,0.8738618346545867,0.1,0.026138165345413366
knn,10,control,scent,3,8027,0.34715335741871184,0.47139653668867565,0.18145010589261243
knn,10,control,unscented,3,9558,1.0,0.0,0.0
knn,10,control,zip,3,3629,0.028823367318820615,0.9135298980435381,0.05764673463764123
knn,10,control,catnip,2,3098,1.0,0.0,0.0
knn,10,control,clay,2,8250,0.5,0.5,0.0
knn,10,control,clumping,2,7730,0.0,1.0,0.0
knn,10,control,ears,2,9348,0.23815789473684212,0.7618421052631579,0.0
knn,10,control,fat,2,10582,0.2943110943110943,0.18495558495558495,0.5207333207333207
knn,10,control,free,2,8017,0.35972308843707124,0.6402769115629289,0.0
knn,10,control,non prescription,2,2306,0.6131830008673027,0.2934084995663487,0.09340849956634865
knn,10,control,pee,2,3586,0.8132459564974902,0.18675404350250976,0.0
knn,10,control,prescription,2,27113,0.1733965256519013,0.3853206948696198,0.44128277947847894
knn,10,control,teeth,2,4663,1.0,0.0,0.0
knn,10,control,tip,2,12866,0.046673402766982744,0.9000000000000001,0.053326597233017255
knn,10,control,additives,1,1600,0.4,0.0,0.6
knn,10,control,aller,1,974,0.5,0.4,0.1
knn,10,control,bark,1,10077,0.8,0.2,0.0
knn,10,control,bell,1,3873,0.8,0.0,0.2
knn,10,control,bpa,1,1302,0.0,0.0,1.0
knn,10,control,carpet,1,1496,1.0,0.0,0.0
knn,10,control,cat pee,1,1215,0.0,1.0,0.0
knn,10,control,choke,1,1536,0.0,1.0,0.0
knn,10,control,clump,1,3211,0.4,0.6,0.0
knn,10,control,corn and soy,1,2593,0.3,0.7,0.0
knn,10,control,d3,1,1856,0.2,0.8,0.0
knn,10,control,dehp,1,5570,0.2,0.2,0.6
knn,10,control,"dust, scent",1,1132,0.5,0.1,0.4
knn,10,control,escape,1,1062,1.0,0.0,0.0
knn,10,control,fish,1,1456,1.0,0.0,0.0
knn,10,control,gain,1,977,0.0,1.0,0.0
knn,10,control,"grain, fat",1,1870,1.0,0.0,0.0
knn,10,control,grow,1,2780,0.0,1.0,0.0
knn,10,control,hides,1,2331,0.0,1.0,0.0
knn,10,control,holes,1,2104,0.1111111111111111,0.8888888888888888,0.0
knn,10,control,iodine,1,3331,0.0,0.0,1.0
knn,10,control,kibble,1,1761,1.0,0.0,0.0
knn,10,control,legume,1,7084,0.8000000000000002,0.20000000000000004,0.0
knn,10,control,lick,1,1801,0.6,0.4000000000000001,0.0
knn,10,control,medicated,1,5619,0.3,0.7,0.0
knn,10,control,millet,1,1078,0.6,0.1,0.3
knn,10,control,no bark,1,7969,1.0,0.0,0.0
knn,10,control,no melt,1,2781,1.0,0.0,0.0
knn,10,control,non absorbent,1,1507,0.5,0.5,0.0
knn,10,control,"non clumping unscented cat litter

the user is actually looking for cat litter",1,11479,0.9,0.1,0.0
knn,10,control,pea,1,5939,0.9,0.0,0.09999999999999999
knn,10,control,pill,1,2506,1.0,0.0,0.0
knn,10,control,poop eating,1,16984,0.6,0.4,0.0
knn,10,control,probiotic,1,982,0.0,0.0,1.0
knn,10,control,protein,1,5096,0.9000000000000001,0.1,0.0
knn,10,control,rice,1,1195,0.1,0.6,0.3
knn,10,control,salt,1,1015,0.0,0.0,1.0
knn,10,control,scented,1,1755,0.5,0.3,0.2
knn,10,control,scoot,1,25922,1.0,0.0,0.0
knn,10,control,seafood,1,1668,0.0,1.0,0.0
knn,10,control,shell,1,1278,0.0,0.6,0.4
knn,10,control,soy and corn,1,1287,0.4000000000000001,0.6,0.0
knn,10,control,spray,1,2497,1.0,0.0,0.0
knn,10,control,squeaker,1,1524,0.8,0.0,0.2
knn,10,control,squeaky,1,17562,1.0,0.0,0.0
knn,10,control,squirrel,1,5398,0.6,0.4000000000000001,0.0
knn,10,control,stink,1,3161,0.1,0.9,0.0
knn,10,control,stuff,1,1489,0.6,0.4,0.0
knn,10,control,stuffed,1,6207,0.1,0.9,0.0
knn,10,control,sunflower seeds,1,3792,0.3,0.1,0.6
knn,10,control,tear,1,7647,0.5,0.5,0.0
knn,10,control,toot,1,1991,0.6666666666666666,0.3333333333333333,0.0
knn,10,control,toxic,1,1267,0.0,1.0,0.0
knn,10,control,track,1,1419,0.8,0.1,0.1
knn,10,control,"unscented
dust",1,1250,0.2,0.8,0.0
knn,10,control,waste free,1,2251,0.3,0.7,0.0
knn,10,control,yeast,1,6961,0.29999999999999993,0.0,0.7
knn,4,control,all negative intent,795,7015957,0.16492685887327987,0.7657973459643496,0.06927579516237058
knn,4,control,grain,332,2692575,0.0486414491704038,0.9019308654355032,0.049427685394093014
knn,4,control,chicken,59,461986,0.5572468646236033,0.27600674046399676,0.16674639491239995
knn,4,control,pull,53,820714,0.11346857736068838,0.8838949987449952,0.0026364238943164123
knn,4,control,rawhide,47,760133,0.07887468377244508,0.9154690692286744,0.0056562469988804594
knn,4,control,hide,36,388507,0.058429449147634406,0.9408395472925841,0.0007310035597814196
knn,4,control,stuffing,24,369948,0.0013650567106728514,0.9986349432893271,0.0
knn,4,control,dust,14,170435,0.04592073224396397,0.02409129580191862,0.9299879719541174
knn,4,control,mess,14,59732,0.0,1.0,0.0
knn,4,control,gluten,10,66998,0.0,0.6580345681960655,0.34196543180393446
knn,4,control,odor,10,65047,0.18703014743185697,0.812969852568143,0.0
knn,4,control,corn,9,26069,0.20362307721815182,0.7750872684030842,0.02128965437876405
knn,4,control,waste,9,90813,0.03927576448305859,0.9197361611223063,0.04098807439463513
knn,4,control,gmo,7,43028,0.0,1.0,0.0
knn,4,control,non clumping,7,175160,1.0,0.0,0.0
knn,4,control,poultry,7,28243,0.5283433063059874,0.03496441596147718,0.4366922777325355
knn,4,control,soy,6,23601,0.024893013007923393,0.9626604804881149,0.012446506503961697
knn,4,control,spill,6,94240,0.4521885611205433,0.5478114388794567,0.0
knn,4,control,chew,5,51318,0.03700455980357769,0.9629954401964224,0.0
knn,4,control,shock,5,26156,0.29711156140082584,0.41967426211959014,0.283214176479584
knn,4,control,sugar,5,22557,0.23681118943121868,0.1394799840404309,0.6237088265283504
knn,4,control,tracking,5,39207,0.5089078480883515,0.37433366490677683,0.11675848700487158
knn,4,control,"grain, chicken",4,15603,0.32368775235531627,0.6109722489264885,0.06533999871819522
knn,4,control,melt,4,15479,0.0,0.8744750952903935,0.12552490470960656
knn,4,control,poo,4,15555,0.7954998392799743,0.20450016072002572,0.0
knn,4,control,poop,4,41032,1.0,0.0,0.0
knn,4,control,scratch,4,13691,0.75,0.25,0.0
knn,4,control,squeak,4,44033,0.5096632071400995,0.4903367928599005,0.0
knn,4,control,wheat,4,25483,0.17200682808146608,0.6002825413020445,0.2277106306164894
knn,4,control,allergy,3,8756,0.17970534490634993,0.5706943809958885,0.24960027409776153
knn,4,control,fragrance,3,13202,0.3619906074837146,0.5,0.1380093925162854
knn,4,control,non gmo,3,4415,1.0,0.0,0.0
knn,4,control,scent,3,8027,0.25,0.4642456708608447,0.2857543291391553
knn,4,control,unscented,3,9558,1.0,0.0,0.0
knn,4,control,zip,3,3629,0.0,1.0,0.0
knn,4,control,catnip,2,3098,1.0,0.0,0.0
knn,4,control,clay,2,8250,0.31881818181818183,0.6811818181818182,0.0
knn,4,control,clumping,2,7730,0.0,1.0,0.0
knn,4,control,ears,2,9348,0.25,0.75,0.0
knn,4,control,fat,2,10582,0.18394443394443394,0.26422226422226425,0.5518333018333018
knn,4,control,free,2,8017,0.36198079081950857,0.6380192091804915,0.0
knn,4,control,non prescription,2,2306,0.6497181266261925,0.35028187337380745,0.0
knn,4,control,pee,2,3586,0.6777049637479086,0.3222950362520915,0.0
knn,4,control,prescription,2,27113,0.25,0.5366982628259507,0.21330173717404935
knn,4,control,teeth,2,4663,1.0,0.0,0.0
knn,4,control,tip,2,12866,0.11668350691745687,0.8833164930825431,0.0
knn,4,control,additives,1,1600,0.5,0.0,0.5
knn,4,control,aller,1,974,0.5,0.5,0.0
knn,4,control,bark,1,10077,0.5,0.5,0.0
knn,4,control,bell,1,3873,1.0,0.0,0.0
knn,4,control,bpa,1,1302,0.0,0.0,1.0
knn,4,control,carpet,1,1496,1.0,0.0,0.0
knn,4,control,cat pee,1,1215,0.0,1.0,0.0
knn,4,control,choke,1,1536,0.0,1.0,0.0
knn,4,control,clump,1,3211,0.0,1.0,0.0
knn,4,control,corn and soy,1,2593,0.25,0.75,0.0
knn,4,control,d3,1,1856,0.0,1.0,0.0
knn,4,control,dehp,1,5570,0.5,0.0,0.5
knn,4,control,"dust, scent",1,1132,0.5,0.25,0.25
knn,4,control,escape,1,1062,1.0,0.0,0.0
knn,4,control,fish,1,1456,1.0,0.0,0.0
knn,4,control,gain,1,977,0.0,1.0,0.0
knn,4,control,"grain, fat",1,1870,1.0,0.0,0.0
knn,4,control,grow,1,2780,0.0,1.0,0.0
knn,4,control,hides,1,2331,0.0,1.0,0.0
knn,4,control,holes,1,2104,0.25,0.75,0.0
knn,4,control,iodine,1,3331,0.0,0.0,1.0
knn,4,control,kibble,1,1761,1.0,0.0,0.0
knn,4,control,legume,1,7084,0.75,0.25,0.0
knn,4,control,lick,1,1801,0.75,0.25,0.0
knn,4,control,medicated,1,5619,0.25,0.75,0.0
knn,4,control,millet,1,1078,1.0,0.0,0.0
knn,4,control,no bark,1,7969,1.0,0.0,0.0
knn,4,control,no melt,1,2781,1.0,0.0,0.0
knn,4,control,non absorbent,1,1507,0.25,0.75,0.0
knn,4,control,"non clumping unscented cat litter

the user is actually looking for cat litter",1,11479,1.0,0.0,0.0
knn,4,control,pea,1,5939,1.0,0.0,0.0
knn,4,control,pill,1,2506,1.0,0.0,0.0
knn,4,control,poop eating,1,16984,1.0,0.0,0.0
knn,4,control,probiotic,1,982,0.0,0.0,1.0
knn,4,control,protein,1,5096,0.75,0.25,0.0
knn,4,control,rice,1,1195,0.25,0.5,0.25
knn,4,control,salt,1,1015,0.0,0.0,1.0
knn,4,control,scented,1,1755,0.5,0.25,0.25
knn,4,control,scoot,1,25922,1.0,0.0,0.0
knn,4,control,seafood,1,1668,0.0,1.0,0.0
knn,4,control,shell,1,1278,0.0,0.75,0.25
knn,4,control,soy and corn,1,1287,0.25,0.75,0.0
knn,4,control,spray,1,2497,1.0,0.0,0.0
knn,4,control,squeaker,1,1524,0.75,0.0,0.25
knn,4,control,squeaky,1,17562,1.0,0.0,0.0
knn,4,control,squirrel,1,5398,0.25,0.75,0.0
knn,4,control,stink,1,3161,0.0,1.0,0.0
knn,4,control,stuff,1,1489,0.25,0.75,0.0
knn,4,control,stuffed,1,6207,0.25,0.75,0.0
knn,4,control,sunflower seeds,1,3792,0.5,0.25,0.25
knn,4,control,tear,1,7647,0.5,0.5,0.0
knn,4,control,toot,1,1991,0.75,0.25,0.0
knn,4,control,toxic,1,1267,0.0,1.0,0.0
knn,4,control,track,1,1419,1.0,0.0,0.0
knn,4,control,"unscented
dust",1,1250,0.25,0.75,0.0
knn,4,control,waste free,1,2251,0.75,0.25,0.0
knn,4,control,yeast,1,6961,0.25,0.0,0.75
