Q,CNT,TARGET_X
grain free dog food,611730,grain
no pull dog harnesses,211607,pull
grain free dry cat food,197068,grain
grain free wet cat food,162972,grain
no hide chews,147107,hide
stuffing free dog toys,142348,stuffing
grain free dog treats,138329,grain
rawhide free dog bones,135517,rawhide
pork chomps rawhide free,129324,rawhide
chicken free dry dog food,124263,chicken
non clumping cat litter,121355,clumping
hands free dog leash,119476,hands
no pull harness for dogs,114468,pull
no stuffing dog toys,97772,stuffing
dog chews rawhide free,80267,rawhide
grain free cat food,76423,grain
dog harness no pull,76414,pull
no hide chews earth animal,70100,hide
non rawhide dog chews,70094,rawhide
dust free cat litter,68627,dust
chicken free dog treats,68590,chicken
no hide,67837,hide
grain free wet dog food,60526,grain
tidy cats free and clean,59206,cats
rawhide free chews,58043,rawhide
grain free dry dog food,56421,grain
no pull harness,54525,pull
ultamino dog food,54136,dog
royal canin ultamino dog food,43354,dog
grain free cat treats,40628,grain
no squeak dog toys,40129,squeak
chicken free dog food,38479,chicken
no rawhide dog chews,35562,rawhide
no chew spray for dogs,35353,chew
grain free puppy food,34872,grain
dust free clumping cat litter,33448,dust
hands free leash,33251,hands
no chicken dog food,32850,chicken
gluten free dog food,32569,gluten
no pull dog harness,32134,pull
no poop chews,31892,poop
no spill water bowl,30994,spill
fresh step non clumping cat litter,30486,clumping
rawhide free dog treats,29794,rawhide
dog toys no stuffing,28211,stuffing
no spill dog water bowl,28061,spill
dog food grain free,27813,grain
odor free bully sticks for dogs,27702,odor
grain free,27310,grain
no scoot for dogs,25922,scoot
raw hide free dog chews,25587,hide
no waste wild bird seed,24563,waste
tidy cat non clumping litter,24491,clumping
no pull harness for large dogs,24205,pull
gates free standing,24046,gates
cat dewormer no prescription,23133,prescription
dog water bowl no spill,23089,spill
dog bones rawhide free,22731,rawhide
no mess wild bird seed,22655,mess
no bark device,22394,bark
no pull leash,21703,pull
harness for large dog no pull,21244,pull
stuffing free dog toys large,21225,stuffing
no pull collar,20932,pull
no bark collar,20454,bark
chicken free wet dog food,19833,chicken
purina grain free dry cat food,19168,grain
cat food grain free,19117,grain
non rawhide bones,18977,rawhide
blue buffalo grain free dog food,18964,grain
grain free dog food large breed,18579,grain
non tracking cat litter,18311,tracking
no flap ear wrap,18080,flap
poultry free dog food,17789,poultry
freedom no pull harness,17745,pull
non squeaky dog toys,17562,squeaky
buy 3 get 4th free,17450,4th
rawhide free,17055,rawhide
purina one grain free wet cat food,17042,grain
no poop eating,16984,poop
bird seed wild no waste,16977,waste
non gmo chicken feed,16510,gmo
wet cat food grain free,16508,grain
purina tidy cats free and clean unscented cat litter,16463,cats
grain free kitten food,16286,grain
grain free dog food small breed,16175,grain
halti no pull harness,16145,pull
ultamino cat food,16113,cat
no grain dog food,15780,grain
splash free water bowl,15634,splash
earth animal no hide stix,15625,hide
grain free salmon dog food,15202,grain
picky no more dog food,15076,more
gluten free dog treats,14910,gluten
wild bird seed no waste,14889,waste
rawhide free dog bones long lasting,14868,rawhide
tidy cat free and clean unscented,14728,cat
grain free cat food dry,14537,grain
chicken free cat food,14097,chicken
no pull harness for small dog,13902,pull
no hide bones,13773,hide
cat litter non clumping,13312,clumping
2 hounds design freedom no pull dog harness,13268,pull
dog treats grain free,13152,grain
scoop free litter tray,13136,scoop
no tracking cat litter,13088,tracking
fancy feast grain free wet cat food,12994,grain
no rawhide bones,12951,rawhide
no shock bark collar,12886,shock
no scoot,12668,scoot
grain free treats for dogs,12609,grain
grain free canned dog food,12390,grain
non slip mat,12376,slip
no rinse dog shampoo,12148,rinse
waste free wild bird seed,12115,waste
natures recipe grain free dry dog food,12075,grain
dog food no chicken,12053,chicken
grain-free cat food,11965,grain-
soy free chicken feed,11839,soy
no escape dog harness,11770,escape
non skid dog bowl,11746,skid
dog food without chicken,11590,chicken
non clumping litter,11565,clumping
pure balance grain free,11504,grain
non-clumping cat litter,11486,clumping
non clumping unscented cat litter,11479,clumping
non spill water bowl,11374,spill
grain free cat food wet,11361,grain
non skid dog socks,11151,skid
grain free canned cat food,11102,grain
non gmo dog food,11060,gmo
cat litter dust free,10997,dust
escape free dog harness,10967,escape
gooby escape free easy fit dog harness,10833,escape
amino acid horse,10782,acid
non rawhide chews,10766,rawhide
dry cat food grain free,10528,grain
grain free dog treat,10410,grain
dog toy no stuffing,10254,stuffing
kitten dry food grain free,10184,grain
sore no more,10164,more
no bark,10077,bark
no mess bird seed,10066,mess
grain free senior dog food,10021,grain
diamond grain free dog food,9975,grain
cat treats grain free,9966,grain
sugar free dog treats,9955,sugar
tidy cats non clumping litter,9905,clumping
dog no pull harness,9874,pull
dog food with no chicken,9753,chicken
blue buffalo grain free cat food,9576,grain
no dust cat litter,9502,dust
cat wet food grain free,9500,grain
fancy feast filet mignon dry cat food,9394,dry
wheat free dog treats,9289,wheat
no waste bird seed,9270,waste
grain free treats,9238,grain
no marking spray,9078,marking
oregano oil,9072,oil
no pull,9044,pull
odor free bully sticks,9025,odor
purina beyond grain free cat food,8992,grain
scoop free litter box,8976,scoop
gluten free cat food,8910,gluten
grain free pate cat food,8858,grain
no pee spray,8842,pee
grain free chicken free dog food,8785,grain
no pull harness for medium dog,8720,pull
large dog harness no pull,8655,pull
wellness core grain free dog food,8637,grain
dust free litter,8568,dust
chews no rawhide,8496,rawhide
no drip water bowl,8412,drip
sugar free horse treats,8411,sugar
freedom grain free dog food,8393,grain
taste of the wild grain free dog food,8357,grain
cat food wet grain free,8309,grain
grainfree dog food,8254,grain
fragrance free cat litter,8207,fragrance
dog bones no rawhide,8198,rawhide
purina grain free,8189,grain
purina grain free dry dog food,8138,grain
salmon grain free dog food,8103,grain
no stuffing dog toy,8094,stuffing
cat litter no dust,8050,dust
harness no pull,8042,pull
gmo free dog food,7978,gmo
no bark collars,7969,bark
grain free dog food wet,7838,grain
grain free small breed dry dog food,7815,grain
clay litter non clumping,7802,clumping
no chew spray,7793,chew
fat free dog treats,7786,fat
non skid cat bowl,7780,skid
dry dog food grain free,7777,grain
kitten wet food grain free,7774,grain
suet cakes for wild birds no melt,7772,melt
no scoot anal gland support,7736,scoot
sporn mesh no pull dog harness,7687,pull
tear free dog shampoo,7647,tear
no chew,7596,chew
tidy cats free and clean unscented,7587,cats
earth animal no hide,7495,hide
purina grain free wet cat food,7458,grain
no hide stix,7433,hide
royal canin ultamino dry for cats,7423,dry
scoopfree litter tray,7410,scoop
dog toys for large dogs no stuffing,7409,stuffing
canine naturals hide free,7376,hide
grain free dog,7358,grain
no scratch spray,7315,scratch
fresh step cat litter non clumping,7310,clumping
unscented non clumping cat litter,7305,clumping
dog toys with no stuffing,7273,stuffing
hide free dog chews,7175,hide
tidy cats free & clean unscented clumping clay cat litter,7170,cats
legume free dog food,7084,legume
grain free dog biscuits,7074,grain
clumping cat litter dust free,7057,dust
no shock training collar,7048,shock
non slip dog bowl,7035,slip
purina pro plan grain free,7034,grain
buy 3 get one free,7027,one
puppy food grain free,7002,grain
barks no more,6982,more
yeast free dog food,6961,yeast
wheat free dog food,6961,wheat
stuffing free,6904,stuffing
grain free cat treat,6878,grain
large dog bones rawhide free,6861,rawhide
non tip water bowl,6861,tip
cough free horse,6820,cough
cat litter non-clumping,6731,clumping
no dust clumping cat litter,6710,dust
blue buffalo grain free,6671,grain
pet gate free standing,6613,gate
chicken-free cat food,6561,chicken-
rawhide free dog chews,6526,rawhide
royal canin ultamino cat food,6516,cat
dust free unscented clumping cat litter,6504,dust
grain free cat,6488,grain
wet dog food grain free,6455,grain
grain free adult dog food,6444,grain
rawhide free bones,6443,rawhide
merrick grain free dry dog food,6428,grain
petsafe scoopfree litter box,6411,scoop
kitty litter non clumping,6396,clumping
grain-free dog food,6389,grain-
stuffing free dog toys small,6376,stuffing
chicken free cat treats,6356,chicken
honest kitchen grain free beef,6296,grain
natures recipe grain free,6270,grain
scoop free crystal litter,6233,scoop
grain free dry kitten food,6226,grain
non stuffed dog toys,6207,stuffed
no dig fence,6196,dig
corn free dog food,6183,corn
kitten food grain free,6119,grain
corn free chicken feed,6014,corn
no tip water bowl,6005,tip
dry grain free cat food,5998,grain
tidy cat free and clean unscented clumping,5982,cat
non clay cat litter,5979,clay
pea free dog food,5939,pea
whole earth farms grain-free,5914,grain-
origin grain free dog,5901,grain
purina one grain free dry cat food,5886,grain
grain free kitten dry food,5861,grain
bil jac picky no more,5816,more
no grain cat food,5782,grain
horse fly mask without ears,5781,ears
dog food grain free large breed,5771,grain
grain free cat wet food,5735,grain
no stuffing toys,5673,stuffing
grain free wet cat food pate,5664,grain
victor grain free dog food,5635,grain
dino costume,5631,costume
chick starter feed non medicated,5619,medicated
canned dog food grain free,5595,grain
vetivex veterinary dehp free lactated ringers electrolyte injection solution 1000-ml,5570,dehp
blue buffalo dog food grain free,5564,grain
no pull dog collar,5502,pull
feline pine original non-clumping wood cat litter 40-lb bag,5478,clumping
python no spill,5465,spill
grain free dog food 40lbs,5458,grain
buy 3 get 1 free,5445,1
purina cat food grain free,5440,grain
soy free horse feed,5431,soy
no squirrel bird seed,5398,squirrel
grain free dog treats for medium dogs,5358,grain
chicken free puppy food,5340,chicken
non pull harness,5327,pull
natures recipe grain free dog food,5311,grain
purina one grain free dog food,5270,grain
beyond dry cat food grain free,5250,grain
no poo,5242,poo
grain free dental chews,5153,grain
wheat free cat food,5111,wheat
protein free dog treats,5096,protein
no bite spray,5077,bite
dog harness large no pull,5076,pull
chicken-free dry dog food,5068,chicken-
no chicken wet dog food,5034,chicken
bones & chews all natural grain-free jerky,4977,grain-
no more marking,4932,more
wild and free dog food,4931,and
no lick spray,4929,lick
petsafe scoopfree crystal cat litter tray refills,4911,scoop
wet grain free cat food,4900,grain
grain free dry,4891,grain
no hide dog chews,4859,hide
nutro grain free dog food,4841,grain
rachel ray grain free dog food,4812,grain
waste free bird seed,4797,waste
food grain free,4785,grain
no chicken dog treats,4769,chicken
no go spray,4766,go
dog treats no chicken,4753,chicken
senior grain free dog food,4724,grain
dog treats without chicken,4721,chicken
charlee bear grain free crunch,4712,grain
no chicken cat food,4707,chicken
no poo chews for dogs,4691,poo
"buy 3, get 4th free",4688,4th
stuffing free dog toy,4687,stuffing
wellness grain free dog food,4682,grain
mess free water bowl,4645,mess
cat dry food grain free,4630,grain
non clumping clay cat litter,4604,clumping
no spill dog bowl,4573,spill
natural farm odor-free bully sticks,4570,odor-
grain free diet dog food,4566,grain
nano e,4559,e
diamond naturals grain free dog food,4547,grain
no rinse cat shampoo,4547,rinse
earth animal no hide strips,4541,hide
cat food organic grain free,4534,grain
bark no more,4529,more
grain free kitten wet food,4500,grain
science diet grain free,4491,grain
no grain wet cat food,4489,grain
chicken free,4487,chicken
dino chews,4476,chews
no odor bully sticks,4474,odor
rawhide free dog chews long lasting,4471,rawhide
pure balance wild and free,4443,and
grain free wet,4438,grain
bully sticks for dogs odor free,4428,odor
grain-free cat treats,4411,grain-
diamond naturals grain free,4384,grain
nutrish grain free dog food,4382,grain
ultamino royal canin,4373,royal
allergy free dog treats,4371,allergy
dog food chicken free,4370,chicken
litter non clumping,4359,clumping
rawhide free dog bones & chews for large dogs,4358,rawhide
no chew bandage,4347,chew
easy walk no pull harness,4342,pull
grainfree dry,4253,grain
grain free dog food 40 lb bag,4206,grain
no pull dog leash,4200,pull
no mess water bowl,4197,mess
honest kitchen grain free dog food,4178,grain
dry grain free dog food,4159,grain
nulo grain free,4152,grain
rinse free shampoo,4125,rinse
wheat free puppy food,4122,wheat
no tip bowl,4113,tip
bully sticks odor free,4104,odor
wet grain free dog food,4103,grain
pet safe scoop free litter,4099,scoop
hide free chicken recipe sticks,4091,hide
harness for small dog no pull,4085,pull
grain free chicken free dog treats,4078,grain
grain free dog treats small breed,4076,grain
no chew spray for cats,4073,chew
no rawhide treats,4068,rawhide
purina one grain free,4066,grain
toys with no stuffing,4057,stuffing
merrick grain free,4055,grain
royal canon kitten,4047,kitten
filet mignon dog food,4034,dog
tri amino for horses,4031,for
buy 3 get the 4th free,4022,4th
canidae grain free,4014,grain
wild and free,3998,and
harness for medium dog no pull,3986,pull
non prescription pain meds for dogs,3980,prescription
dog food dry grain free,3977,grain
fresh pet grain free,3969,grain
bird seed wild no mess,3963,mess
grain-free dry dog food,3951,grain-
grain free beef dog food,3945,grain
barkworthies odor free bully sticks,3939,odor
no scratch,3930,scratch
litter dust free,3928,dust
petami waterproof non-skid back furniture protector cover,3892,skid
purina beyond grain free dog food,3884,grain
cat collar no bell,3873,bell
grain free wet kitten food,3865,grain
bark collar no shock,3859,shock
non chicken dog food,3858,chicken
chicken free dry cat food,3842,chicken
grain-free puppy food,3839,grain-
no hide strips,3815,hide
cockatiel food no sunflower seeds,3792,sunflower
beyond grain free cat food dry,3779,grain
grain free lamb dog food,3771,grain
pork chomps rawhide free dog bones,3737,rawhide
no hide chews large,3727,hide
grain free dog food dry,3723,grain
pet safe scoop free litter box,3712,scoop
pigeon feed no corn,3687,corn
chicken free treats,3686,chicken
bird suet cakes no melt,3661,melt
chicken-free wet dog food,3656,chicken-
fresh step non clumping,3644,clumping
fragrance free dog shampoo,3644,fragrance
no poop,3632,poop
petsafe scoopfree,3614,scoop
origin grain free puppy,3607,grain
chicken free wet cat food,3583,chicken
fly mask without ears,3567,ears
no drip water bottle,3547,drip
no pull collar for dogs,3540,pull
no escape harness,3530,escape
no slip dog harness,3511,slip
honest kitchen grain free,3478,grain
"buy 3, get 4th free- mix & match",3472,4th
grain free limited ingredient dog food,3438,grain
cat litter no tracking,3408,tracking
no slip dog socks,3399,slip
beyond simply grain free cat food,3366,grain
bird seed no waste,3357,waste
no hands leash,3349,hands
volcano and dinosaurs,3349,and
merrick lil plates grain free dog food,3343,grain
no poo chews,3342,poo
american journey grain free dog food,3336,grain
halti nylon padded no pull dog headcollar,3333,pull
iodine free cat food,3331,iodine
hide free,3326,hide
no splash water bowl,3317,splash
no chew dog bed,3301,chew
no stuffing toy,3277,stuffing
tidy cat lightweight free and clean,3272,lightweight
no dig,3263,dig
dog treats rawhide free,3261,rawhide
dog treats for dogs with no teeth,3257,teeth
no pee spray for cats,3251,pee
scoop free,3235,scoop
chicken-free dog food,3218,chicken-
no clump litter,3211,clump
blue buffalo chicken free,3208,chicken
cat food dry grain free,3203,grain
wag grain free dog food,3193,grain
raw hide free bones,3187,hide
scent free litter,3172,scent
stink free,3161,stink
canned cat food grain free,3121,grain
chicken free pill pockets,3116,chicken
dog harness medium no pull,3091,pull
acana grain-free food for dogs,3087,grain-
dog no slip socks,3086,slip
scoopfree,3081,scoop
farmina grain free dog food,3081,grain
filet mignon dog treats,3065,dog
greenies grain free dental treats for dogs,3043,grain
purina grain free dog food,3037,grain
no grain dry cat food,3032,grain
no hide large,3009,hide
non-gmo dog food,3007,gmo
no melt suet cakes for birds,3006,melt
non tracking litter,3003,tracking
no spill bowl,2996,spill
hide free chews,2987,hide
grain free soft dog treats,2972,grain
best bully sticks odor free,2943,odor
no corn dog food,2939,corn
jinx grain free dog food,2938,grain
grain free high protein cat food,2937,grain
filet mignon cat food,2921,cat
royal canin ultamino dry dog food,2894,dry
canidae grain free dog food,2888,grain
non rawhide dog treats,2882,rawhide
high protein grain free cat food,2873,grain
grainfree dry cat food,2854,grain
tidy cats non clumping litter for cats,2835,clumping
tidy cat free and clean,2835,cat
cat kibble grain free,2832,grain
grain free dog training treats,2820,grain
no scratch tape,2812,scratch
lamb grain free dog food,2809,grain
taste of the wild grain free,2805,grain
chew no poop,2803,poop
no fat dog treats,2796,fat
grain free cat dry food,2783,grain
cat food no chicken,2783,chicken
feline pine original non-clumping wood cat litter 20-lb bag,2782,clumping
no melt suet,2781,melt
no grow bird seed,2780,grow
freedom grain free cat food,2773,grain
farmina grain free,2750,grain
dog rawhide free treats,2749,rawhide
no rawhide chews,2715,rawhide
royal canon puppy,2705,puppy
no eat poop,2705,eat
hills grain free soft baked naturals,2698,grain
scent free cat litter,2695,scent
scoopfree litter,2694,scoop
no waste wild bird food,2693,waste
grain free dog bones,2681,grain
diamond natural grain free,2679,grain
canned grain free dog food,2676,grain
tidy cats lightweight free & clean unscented clumping clay cat litter,2670,lightweight
no hide dog chews small,2663,hide
dog dry food grain free,2653,grain
nano aquarium,2629,aquarium
nano tank,2611,tank
victor grain free,2601,grain
no mess wild bird food,2594,mess
corn and soy free chicken feed,2593,soy
nutro grain free,2591,grain
nature's recipe grain free,2587,grain
no pull head collar,2574,pull
grain free greenies,2564,grain
no pee,2549,pee
meal or no deal,2533,deal
grain free large breed dog food,2530,grain
tidy cat non clumping,2521,clumping
no hide sticks,2520,hide
puppy food no chicken,2518,chicken
dog food no grain,2517,grain
kaytee no mess blend wild bird food,2512,mess
wellness core grain free cat food,2510,grain
licks pill free,2506,pill
grain free wet food,2504,grain
orijen grain free dog food,2503,grain
no spray cat,2497,spray
bil-jac picky no more,2496,more
orijen grain free puppy,2493,grain
grain free salmon dry dog food,2485,grain
grain-free dry cat food,2485,grain-
dry dog food no chicken,2481,chicken
cat litter free and clear,2467,litter
allergy free dog food,2462,allergy
cat litter fresh step non clumping,2454,clumping
grain free training treats for dogs,2451,grain
no chew leash,2449,chew
dog toys stuffing free,2442,stuffing
royal canin grain free,2432,grain
buy 3 get 4th free cat,2430,4th
grain free wet cat food gravy,2407,grain
the honest kitchen grain free,2403,grain
buy 3 4th free sale,2386,4th
rinse free shampoo mittens,2384,rinse
orijen grain free dog,2373,grain
beyond grain free,2372,grain
bully stick odor free,2368,odor
no more spraying,2360,more
no hide medium rolls,2357,hide
small breed grain free dry dog food,2354,grain
poultry free,2348,poultry
purina grain free wet dog food,2342,grain
no dust litter,2340,dust
small breed grain free dog food,2340,grain
organic soy free chicken feed,2338,soy
non skid cat dish,2337,skid
scoop free litter,2334,scoop
no rawhide,2332,rawhide
no hides,2331,hides
purina grain free cat food,2326,grain
kitten grain free,2322,grain
no chicken,2318,chicken
fancy feast grain free,2313,grain
blue buffalo freedom grain free,2312,grain
stuffing free toy,2294,stuffing
grain free fish dog food,2293,grain
non gmo cat food,2288,gmo
litter no dust,2280,dust
chew no poo,2280,poo
naturvet no scoot,2278,scoot
non clay litter,2271,clay
no hide rawhide,2269,hide
chicken feed non gmo,2267,gmo
rawhide free sticks,2264,rawhide
grain free senior cat food,2261,grain
frisco stuffing free,2257,stuffing
no rinse shampoo,2255,rinse
audubon park waste free,2251,waste
wet kitten food grain free,2250,grain
wellness grain free cat food,2248,grain
dog treats no rawhide,2246,rawhide
high protein grain free dog food,2240,grain
hills science diet grain free,2229,grain
non skid dog bowls,2224,skid
purino pro plan,2220,pro
corn free chicken scratch,2220,corn
no hide raw hide,2210,hide
raw hide free,2193,hide
earth animal no hide chews,2188,hide
no chicken treats,2185,chicken
open farm grain free dog food,2175,grain
beyond grain free dry cat food,2175,grain
non slip dog bed,2174,slip
no hide salmon,2174,hide
cat litter no scent,2160,scent
wholesomes grain free dog food,2158,grain
no slip dog collar,2153,slip
no waste bird food,2152,waste
diamond grain free,2150,grain
greenies grain free,2143,grain
soft grain free dog treats,2135,grain
wholesome grain free,2131,grain
no hide dog chews medium,2123,hide
no holes,2104,holes
grain free low fat dog food,2100,grain
blue freedom grain free,2100,grain
buy 3 get 4 free,2092,4
limited ingredient grain free dog food,2088,grain
organic grain free cat treats,2085,grain
purina beyond grain free dry cat food,2080,grain
no mess bird feeder,2078,mess
picky no more,2078,more
water bowl no spill,2058,spill
wellness dry dog food grain free,2057,grain
no slip harness,2053,slip
iams grain free cat food,2047,grain
beef grain free dog food,2045,grain
no chicken puppy food,2040,chicken
gluten free,2039,gluten
nano dome,2026,dome
no stuffing,2020,stuffing
cat food pate grain free,2011,grain
non slip,2006,slip
grain free puppy treats,1999,grain
hand free leash,1994,hand
no toot,1991,toot
wet dog food no chicken,1981,chicken
poultry free cat food,1975,poultry
grain free sensitive stomach cat food,1967,grain
weruva meal or no deal,1964,deal
large breed puppy food grain free,1963,grain
gluten free wet cat food,1955,gluten
pet safe easy walk no pull harness,1953,pull
drip free water bowl,1946,drip
purina beneful grain free,1945,grain
hills grain free,1934,grain
grain free blue buffalo dog food,1932,grain
non slip food mat,1926,slip
allergy free cat food,1923,allergy
royal canon dog food,1923,dog
no pull harness for large dog,1918,pull
sheba grain free,1917,grain
grain free fancy feast,1914,grain
non skid bowl,1912,skid
dry dog food without chicken,1892,chicken
no hide medium,1886,hide
royal canon cat food,1878,cat
low fat grain free dog food,1870,grain
non prescription flea and tick,1868,prescription
hands free dog leash bungee,1867,hands
royal canon kitten food,1865,kitten
calcium without d3,1856,d3
no hide dog chews 4 inch,1845,hide
grain free high protein dog food,1843,grain
rawhide free treats,1840,rawhide
amino b-plex,1807,b-plex
lyric delite high protein no waste mix wild bird food 20-lb bag,1802,waste
no lick,1801,lick
best no pull harness,1798,pull
no hide bone,1796,hide
grain free freeze dried dog food,1795,grain
orijen grain free treats,1785,grain
no mess bird food,1778,mess
non kibble dog food,1761,kibble
amino b plex,1761,b
grain free weight management dog food,1758,grain
pigeon food no corn,1756,corn
non scented litter,1755,scented
tidy cats free and clean lightweight,1755,cats
poultry free dog treats,1753,poultry
kitten grain free wet food,1749,grain
small dog no pull harness,1740,pull
blue buffalo grain free wet cat food,1737,grain
amino acid,1732,acid
dog non rawhide chews,1730,rawhide
grain free limited ingredient cat food,1729,grain
grain free dog food salmon,1725,grain
non stick litter box,1724,stick
no pull collars,1721,pull
non chicken dog treats,1718,chicken
honest kitchen grain free dehydrated dog food,1714,grain
fresh pet grain free dog food,1711,grain
open farm grain free,1704,grain
dog toys no squeak,1702,squeak
poultry free wet dog food,1701,poultry
acana grain free cat,1699,grain
gluten free wet dog food,1696,gluten
blue buffalo grain free wet dog food,1694,grain
pro plan grain free,1681,grain
kalmbach non gmo,1671,gmo
delectables non seafood,1668,seafood
orijen grain free,1665,grain
purina one grain free cat food,1649,grain
no thrush,1646,thrush
no grain dog treats,1637,grain
toys no stuffing,1635,stuffing
scoopfree litter box,1625,scoop
wellness grain free,1617,grain
hills grain free dog food,1614,grain
no hide rolls,1612,hide
puppy food without chicken,1606,chicken
beneful grain free,1604,grain
cat food with no additives,1600,additives
grain free dog chews,1598,grain
no bow wraps,1592,bow
purina pro plan for cats grain free,1589,grain
cat toys without catnip,1579,catnip
grain free pate,1578,grain
blue buffalo grain free dry dog food,1574,grain
grain free jerky,1571,grain
dino toy,1569,toy
grain free purina pro plan,1558,grain
grain free dog kibble,1556,grain
dino dog costume,1544,dog
grain free chicken dog treats,1542,grain
choke free harness,1536,choke
dry dog food chicken free,1536,chicken
orijen grain free cat,1533,grain
vet classics no scoot,1527,scoot
wellness core grain free,1527,grain
organic chicken feed soy free,1525,soy
natures miracle no more marking,1524,more
dog toy no squeaker,1524,squeaker
dog leash hands free,1523,hands
cat toys no catnip,1519,catnip
no zip stroller,1518,zip
sugar free,1515,sugar
royal canon treats,1513,treats
non clumping kitty litter,1510,clumping
small breed grain free,1509,grain
petsafe scoopfree premium crystal cat litter,1507,scoop
non absorbent cat litter,1507,absorbent
cat tree no carpet,1496,carpet
odor free bully stick,1494,odor
tuffy no stuff,1489,stuff
frisco pine pellet unscented non-clumping wood cat litter 40-lb bag,1486,clumping
grain free puppy,1472,grain
grain free purina dog food,1470,grain
royal canon hp,1465,hp
gluten free puppy food,1459,gluten
cat bowl non skid,1459,skid
hills science grain free,1458,grain
kong hands free leash,1457,hands
fish free cat food,1456,fish
dog treats chicken free,1452,chicken
leash hands free,1448,hands
chicken free canned dog food,1444,chicken
royal canon so,1442,so
dog bone rawhide free,1437,rawhide
kitten litter non clumping,1436,clumping
taste of the wild high prairie grain-free dry dog food,1435,grain-
beyond grain free wet cat food,1433,grain
crunchy grain free dog treats,1432,grain
grain free duck dog food,1431,grain
chewy free,1430,chewy
chicken free dog treat,1429,chicken
cat no scratch,1427,scratch
tidy cats non clumping,1426,clumping
merrick real texas beef + sweet potato recipe grain-free chicken-free adult dry dog food,1424,grain-
blue grain free,1423,grain
grain free salmon,1422,grain
grain free food,1420,grain
no track cat litter,1419,track
grain free chicken pate cat food,1418,grain
grain free fruit dog treats,1411,grain
grain free kibble,1409,grain
treats for dogs with no teeth,1406,teeth
tidy cats free and clear,1397,cats
no tracking litter,1397,tracking
non clumping crystal litter,1396,clumping
non prescription flea,1396,prescription
senior dog food grain free,1394,grain
cough free,1394,cough
rawhide free dog bones & chews,1390,rawhide
grain free wet food cat,1388,grain
acana grain free,1372,grain
dog rawhide free bones,1370,rawhide
grain-free kitten food,1368,grain-
no sugar dog treats,1361,sugar
no shock dog collar,1356,shock
cat litter fragrance free,1351,fragrance
grain free dry adult dog food,1350,grain
grain-free cat food 5.5 oz,1346,grain-
no hide large rolls,1346,hide
no poultry dog food,1345,poultry
grain free sensitive stomach dog food,1344,grain
"tidy cats free & clean unscented clumping clay cat litter, 35-lb pail",1342,cats
non clumping,1334,clumping
dog food poultry free,1332,poultry
chicken free treat,1329,chicken
the honest kitchen for dogs grain free,1325,grain
no hide chews small,1325,hide
dog toy stuffing free,1322,stuffing
tiny tiger grain free,1318,grain
grain and chicken free dog food,1316,chicken
no sugar horse treats,1315,sugar
no hide pumpkin,1310,hide
turkey grain free,1309,grain
grain free wet cat food in gravy,1303,grain
bpa free litter box,1302,bpa
dog wet food grain free,1300,grain
puppy grain free,1298,grain
chicken feed soy free,1293,soy
frisco no pull harness,1291,pull
grain free fresh dog food,1289,grain
soy and corn free chicken feed,1287,corn
rhino turnout,1285,turnout
dino bone,1284,bone
rawhide free chew,1282,rawhide
fresh step dust free,1279,dust
hands free bungee leash,1279,hands
shell free bird seed,1278,shell
no spill cat water bowl,1277,spill
no bite,1276,bite
purina cat grain free,1273,grain
chicken free dry puppy food,1272,chicken
no pull harnesses,1272,pull
honest kitchen dehydrated dog food grain free,1269,grain
non toxic cat litter,1267,toxic
grain free rabbit cat food,1266,grain
chicken and grain free dog food,1266,grain
raw hide free large dog chews,1264,hide
large breed grain free dog food,1263,grain
purina free and clear,1260,purina
earth animal no hide rolls,1258,hide
no hide small rolls,1257,hide
no hide chews medium,1253,hide
grain free chicken dog food,1250,grain
dog food no corn,1250,corn
unscented dust free litter,1250,dust
taste of the wild dog food grain free,1243,grain
weruva meal or no deal cat,1234,deal
non prescription flea meds,1229,prescription
chicken free dry dog food for sensitive skin,1228,chicken
nano light,1228,light
no dig spray,1227,dig
non raw hide,1225,raw
dog gate free standing,1224,gate
no cat pee,1215,cat
whole hearted grain free,1214,grain
dog toy no squeak,1212,squeak
grain free cat pate,1210,grain
dog treats for large dogs grain free,1206,grain
no chicken dry dog food,1204,chicken
country kitchen rawhide free twists,1202,rawhide
amino acids,1201,acids
no slip collar,1199,slip
tidy cats free,1197,cats
gluten free dry dog food,1196,gluten
chew bones rawhide free,1195,rawhide
no bite collar,1195,bite
rice free dog food,1195,rice
wet dog food without chicken,1194,chicken
no poop spray,1188,poop
no hide peanut butter,1187,hide
cat treats no chicken,1187,chicken
no tangle leash,1186,tangle
no bark spray,1180,bark
soy free layer feed,1175,soy
casino cat toy,1166,cat
good lovin no rawhide,1165,rawhide
buy 3 get 4th free dog toys,1162,4th
blue buffalo grain free dry cat food,1161,grain
non gmo,1156,gmo
dog toys small dogs stuffing free,1156,stuffing
organic non gmo chicken feed,1154,gmo
non skid bowls,1154,skid
earth animal no hide medium,1153,hide
honest kitchen beef grain free,1152,grain
victor hi-pro plus 30/20 active sporting high protein gluten-free dry dog food,1151,gluten-
grain free air dried dog food,1151,grain
non skid mat,1151,skid
cat grain free pate,1150,grain
small no pull harness,1148,pull
litter free and clear,1147,litter
dust free clumping litter,1145,dust
churu grain free,1142,grain
puppy grain free food,1140,grain
bird food wild no mess,1138,mess
no hide venison,1136,hide
large breed puppy food no chicken,1134,chicken
no pull training collar,1134,pull
royal canin ultamino cat,1134,cat
unscented dust free cat litter,1132,dust
lickable cat treats grain free,1128,grain
grain free chicken cat food,1128,grain
stuffing free toys,1123,stuffing
grain free small dog food,1123,grain
grain free honest kitchen,1122,grain
grain free rabbit food,1121,grain
grainfree wet dog food,1120,grain
front clip no pull harness,1120,pull
rinse free cat shampoo,1119,rinse
stella and chewy grain free,1117,grain
nano bulb,1114,bulb
purina one wet cat food grain free,1114,grain
gluten free cat treats,1113,gluten
senior cat food grain free,1110,grain
pate grain free cat food,1105,grain
frisco padded no pull dog harness,1101,pull
dog treats with no chicken,1095,chicken
no bark ultra,1094,bark
non grain dog food,1089,grain
blue buffalo no chicken,1087,chicken
buy 3 get 4th free deals,1087,4th
grain free soft dog food,1084,grain
royal canon wet food,1084,wet
grain free salmon cat food,1083,grain
stuffing-free,1079,stuffing-
no millet bird seed,1078,millet
non prescription flea medicine,1077,prescription
bird seed no mess,1067,mess
dog stroller no zip,1065,zip
grain free small breed,1062,grain
dog harness no escape,1062,escape
toy no stuffing,1060,stuffing
dog bowl non skid,1057,skid
instinct grain free,1055,grain
american journey grain free,1049,grain
mess free bird seed,1049,mess
instinct raw meals real beef recipe grain-free adult freeze-dried dog food 25-oz bag,1048,grain-
small black stroller no zip,1046,zip
beef dog food grain free,1044,grain
no melt suet cakes for wild birds,1040,melt
puppy food with no chicken,1040,chicken
hills grain free dog treats,1039,grain
cat no pee,1037,pee
fancy feast grain free pate,1036,grain
tidy cat free and clear,1036,cat
no hide chew,1036,hide
no turn bell boots,1036,turn
non tip bowl,1034,tip
no tip dog bowl,1033,tip
puppy food chicken free,1032,chicken
fromm grain free,1032,grain
non gmo wet dog food,1029,gmo
grain free high protein dry cat food,1029,grain
fresh step non clumping litter,1023,clumping
grain free beef dry dog food,1022,grain
weight management dog food no chicken,1021,chicken
non rawhide,1020,rawhide
no scratch spray for cats,1019,scratch
grain free dog wet food,1019,grain
grainfree,1016,grain
salt free dog food,1015,salt
chicken free weight control,1015,chicken
corn free dry cat food,1013,corn
natures recipe grain free wet dog food,1012,grain
raw hide free dog bones,1011,hide
grain free biscuits,1010,grain
no shock collar,1007,shock
hills science diet no corn,1007,corn
royal canon renal,1006,renal
nutrish dog food grain free,1003,grain
grain free organic dog food,1002,grain
jinx grain free,1000,grain
grain free peanut butter dog treats,1000,grain
dry cat food no chicken,999,chicken
tidy cats free & clean unscented,999,cats
kaytee wild bird food no mess,998,mess
grain free training treats,997,grain
grain free dog treats for large dogs,997,grain
non chew dog bed,995,chew
non gmo dog treats,994,gmo
kong stuffing free dog toys,994,stuffing
kitten wet grain free food,993,grain
kaytee no mess,992,mess
no squeak dog toy,990,squeak
blue buffalo wet dog food grain free,989,grain
dog food grain free non-gmo,988,grain
grain free dogfood no probiotic,982,grain
chicken free large breed puppy food,979,chicken
ultra grain free,978,grain
chicken free dog chews,978,chicken
gain free dog food,977,gain
salmon dog food grain free,975,grain
purina pro plan for dogs grain free,975,grain
dry cat food no grain,974,grain
adjustable no pull harness,974,pull
aller free,974,aller
earth animal no hide chews large,972,hide
natures logic grain free,972,grain
unscented dust free clumping cat litter,972,dust
nature's miracle no more marking,971,more
grain free weight control dog food,970,grain
royal canon cat,969,cat
chicken free dog bones,968,chicken
no pee spray for dogs,967,pee
